Scenario Type,Trigger Condition,Fallback Action,Bot Script,Escalation Path,Clinical Reasoning,
SECTION A — INSUFFICIENT SIGNAL SCENARIOS,,,,,,
Vague or minimal disclosure,"15+ turns; user provides short, non-specific responses; no identifiable Signals or Rules; confidence below threshold",Route to Tier 2,"Hey, thanks for sharing this with me, I understand it must be tough being vulnerable. We have a wonderful support system that can help you. Would you like to speak to someone. ",Flag for clinical review; assign to available Tier 2 clinician; send session transcript summary,"Minimal disclosure in adults 20–45 may reflect reluctance, stigma, or crisis minimisation. Therapists can probe safely in ways an AI cannot.",
High topic diversity across turns,"15+ turns; user shifts between unrelated topics (work, relationships, physical health); no single presenting concern emerges; confidence below threshold",Route to Tier 2,It sounds like there are quite a few things going on for you right now. I think you'd benefit from speaking with someone who help you understand they confusing aspects of your life. Can I connect you with one of our specialisits who will help understand your concern better?,Flag for clinical review; note topic spread in handover log; assign to counseling psychologist,High topic diversity may indicate complex or co-occurring issues. Routing to a single self-help module risks missing the actual presenting concern.,
Technical AI uncertainty (model confidence failure),System confidence score falls below defined threshold on two or more consecutive assessments regardless of turn count,Route to Tier 2,I  really want what is best for you and I feel connecting to a real person would help. Would that be okay?,Auto-flag for clinical review; log model confidence scores; notify clinical lead of repeated threshold failure,"Technical model uncertainty is a safety signal, not a neutral state. Routing to human review protects the user and flags potential model improvement areas.",
SECTION B — CONTRADICTORY SIGNAL SCENARIOS,,,,,,
Emotional content contradicts stated wellbeing,"User states they are 'fine' or 'okay' but language, tone, or disclosed events suggest significant distress; 2+ tiers with similar confidence",Route to higher tier (Tier 2),I know you are trying your best to manage but looks like things are getting a little difficult to manage. Would it be okay if I connected you with someone?,Flag for Shreya with full signal breakdown; Tier 2 referral; note minimisation language in session log,"Emotional minimisation is common in adults 20–45, especially men. Contradictory signals require human validation — AI models are not equipped to resolve this discrepancy safely.",
Occupational stress with physical symptoms,"User reports work stress alongside physical symptoms (headaches, fatigue, sleep issues); AI cannot differentiate psychological vs. medical aetiology; confidence split",Try Tier 1 and then route to Tier 2,It sounds like the stress is showing on your mind and body.What you're describing sounds like it's affecting both your mind and your body. Would you like to try some relaxation exercises?,Flag to Tier 2 if user shows no relief from Tier 1 exercises,Work stress with somatic symptoms requires differential diagnosis. Self-help tools risk addressing the psychological layer while missing a medical cause.,
Relationship difficulty with safety ambiguity,User discloses relationship or family conflict; AI cannot determine if this is a wellbeing concern or a safety concern; 2+ tiers with similar confidence,Route to higher tier (Tier 2),"Relationship difficulties can be really complex, and I want to make sure you're properly supported. Would it be okay if I connected you with someone who can give you more time?","Tier 2 referral; flag for safety screening at intake; if DV indicators present, escalate to senior clinician immediately","Ambiguous relationship disclosures in adults may involve domestic violence, coercive control, or safeguarding concerns — all of which require clinical assessment, not self-help routing.",
Financial stress with unclear severity,User reports financial difficulty; AI cannot determine if this is a practical concern (Tier 1) or a mental health concern (Tier 2); confidence split,Route to Tier 1 (Practical) Route to Tier 2 (Mental Health concern(,"I know financial stress can be difficult to handle, but I want to make sure you get the right help. Would you like to try some self help tools? Would you be open to being connected with someone?",Tier 2 referral; flag financial stressor; note whether user is seeking practical or emotional support; connect to financial counsellor if appropriate,Financial stress in adults 20–45 is strongly linked to depression and anxiety. Routing to financial self-help without mental health screening risks missing clinical need.,
SECTION C — USER DISENGAGEMENT SCENARIOS,,,,,,
Deflective or one-word responses,One-word or non-responsive answers after 8+ turns; no new information offered; user appears to be withdrawing,Offer to return later,"There is absolutely no pressure to share. We can continue whenever you're ready, I'll be here.",Log session with disengagement flag; no forced routing; send soft follow-up notification after 48 hours,Forced engagement with a disengaged adult user damages trust and reduces the likelihood of future help-seeking. A non-pressured exit is clinically preferred.,
Session abandonment mid-disclosure,User begins disclosing a sensitive topic and then stops responding for 3+ minutes mid-session,Offer to pause and return,"Hey, I can understand what we are discussing is heavy and It's completely okay to take a break. We can take a pause and pick this up later. Ill be right here. ","Log session with partial disclosure flag; if topic was high-risk (self-harm, trauma), alert clinical team for optional outreach",Mid-disclosure abandonment may indicate emotional overwhelm. Maintaining a safe re-entry point is essential. High-risk partial disclosures require clinical awareness even without a completed session.,
Repeated session starts without progress,User initiates 3+ sessions within 7 days but consistently disengages before completing a tier assessment,Route to Tier 2 proactively,I've noticed you've been coming back a few times. Feels like there is something on your mind that you are unable to share.  I'd love to connect you with someone who can really help. Would that be okay?,"Proactive Tier 2 referral; flag pattern for clinical review; check for barrier to engagement (stigma, time, format preference)",Repeated disengaged sessions in adults is a recognised help-seeking behaviour pattern. It signals need without articulation — clinical outreach is more appropriate than continued AI engagement.,
Disengagement after emotional disclosure,"User discloses something emotionally significant (grief, trauma, loss) and then becomes non-responsive or deflects",Gentle hold — offer to return,"Hey User, thank you for sharing that with me, it takes a lot of courage.  There's no pressure to continue right now. I'm here whenever you feel ready.","Log session; flag emotional disclosure for clinical awareness; if content suggests risk, alert clinical team",Post-disclosure disengagement often signals regret or shame at having shared. Responding with warmth and no pressure protects the therapeutic relationship for future engagement.,
SECTION D — SPECIAL POPULATION SCENARIOS (ADULTS 20–45),,,,,,
New parent / perinatal presentation,"User discloses recent birth of child + low mood, exhaustion, or anxiety; AI cannot differentiate 'normal adjustment' from perinatal depression; confidence below threshold",Route to Tier 2,"Handling a new born and managing this new phase can be incredibly hard.  While I am here to support you, I think speaking with someone could make a real difference. Would you be open to that?",Tier 2 referral; flag perinatal presentation; perinatal mental health specialist preferred; note infant safety context,Postnatal depression affects 10–15% of new mothers and a significant proportion of fathers. Early clinical contact significantly improves outcomes. Self-help tools are inadequate without screening.,
Bereavement,User discloses recent loss of a significant person; AI cannot determine if grief is uncomplicated or complicated; confidence below threshold,Route to Tier 1 or Route to Tier 2,"I'm really sorry for your loss. Grief can be such a heavy thing to carry, and speaking with someone who understands it could really help. Can I connect you? Or would you like me to help you process some parts of the emotions you are feeling?",Tier 1 only if there has been some time and the user is not suggesting any drastic symtoms.Tier 2 referral; bereavement-trained clinician if available; flag recency and relationship to deceased,"Complicated grief disorder is clinically distinct from uncomplicated grief. Adults 20–45 may minimise loss. Without clinical screening, self-help tools risk under-serving those with complicated presentations.",
Burnout / chronic workplace stress,"15+ turns; user describes exhaustion, detachment, and reduced efficacy at work but does not identify this as a mental health issue; confidence below threshold",Route to Tier 2,"it sounds like you are really stretched thin for a while. This deserved proper support , which I along with a professional will be happy to provide. Would you be open to speaking with someone who can really help you work through this?",Tier 2 referral; flag occupational context; note normalisation of burnout in session log; consider EAP (Employee Assistance Programme) referral if applicable,Burnout in adults 20–45 is prevalent and under-recognised. It frequently co-occurs with depression and anxiety. Clinical screening before self-help routing is essential.,
Identity or life transition distress,"User expresses distress around identity, life direction, or major transition (career change, divorce, relocation); AI cannot determine clinical severity; confidence below threshold",Route to Tier 2,Life transitions and big shifts can be difficult to manage. I along with our professional would be happy to help you out. Would you be open to speaking with someone who can support you through it?,Tier 2 referral; note transition type in handover; generalist therapist appropriate as starting point,"Life transition distress in adults 20–45 can trigger or exacerbate clinical mental health conditions. Without clinical assessment, the risk of undertreatment is high.",
Disorder / Scenario,Trigger Condition,Fallback Action,Bot Script,Escalation Path,Clinical Reasoning,
GROUP 1 — ANXIETY DISORDERS,,,,,,
Generalised Anxiety Disorder (GAD),"15+ turns, confidence split between Tier 1 & Tier 2; user reports ongoing worry lasting months",Route to Tier 2,"Having to deal with constant worry can be exhausting and overhwelming. At such times, along with me, having a professional guide you can help would be helpful Would you be open to being connected?",Flag for clinical review; assign to CBT-trained therapist; send intake summary,Chronic GAD in adults 20–45 is often underdiagnosed. Self-help tools without clinical validation may miss comorbid depression or physical health links.,
Panic Disorder,Contradictory signals: user reports episodic attacks but denies ongoing anxiety; confidence split across tiers,Route to higher tier (Tier 2),Seems like you have been having periods of overwhelm which are being difficult to handle. Would it be okay if I connected you with someone who can spend more time with you? I will also be here to help you along with them,Flag for Shreya with signal breakdown; priority Tier 2 referral; note cardiac rule-out if first-time episodes,Panic disorder mimics cardiac events in young adults. Contradictory signals may indicate avoidance or minimisation — clinical assessment is essential.,
Specific Phobia,15+ turns; user reports marked fear of a specific object or situation causing significant avoidance and functional impairment; AI cannot assess severity; confidence below threshold,Route to Tier 2,I can see that these worries are really limiting the things you can do. I want you to be able to live life to the fullest. I along with a professional can hel you manage these feelings you are feeling.  Would you be open to being connected with someone who can help?,"Tier 2 referral; CBT with exposure therapy (ERP) trained clinician; note specific phobia type (blood, animals, heights, vomit, medical) in handover — each requires different exposure protocol",Specific phobias require structured graded exposure therapy. Generic self-help without clinical structure risks sensitisation rather than desensitisation. Correct protocol depends on phobia type.,
Agoraphobia,15+ turns; user describes avoidance of situations where escape would be difficult; significant reduction in daily range and functioning; confidence below threshold,Route to Tier 2,It sounds like your world has been getting smaller because of what you've been feeling. That's something that can really improve with the right support. Would you be open to it?,Tier 2 referral; CBT with in-vivo exposure; note whether panic disorder is co-occurring; assess home-based therapy need if severe agoraphobia limits attendance,Agoraphobia in adults 20–45 can become severely limiting without intervention. Self-help tools that recommend exposure without clinical structure risk traumatising encounters that worsen avoidance.,
Social Anxiety Disorder,User disengagement after 8+ turns; one-word responses; avoidance of follow-up questions,Offer to return later,"Hey, there is absolutely no pressure to respond right now. I understand it can be feel like too much to discuss this. Whenever you feel ready, I'll be right here.",Log session with disengagement flag; soft re-engagement prompt after 48 hours if no return,Forcing engagement with socially anxious adults reinforces shame and avoidance. A non-pressured exit preserves trust for future contact.,
GROUP 2 — MOOD DISORDERS,,,,,,
Major Depressive Disorder (MDD),"15+ turns, confidence below threshold; user describes persistent low mood, fatigue, or loss of interest for 2+ weeks",Route to Tier 2,"What you're sharing sounds really heavy, and I want to make sure you're properly supported. I'd love to connect you with someone who can really listen, would that be okay? I am right here if you still wish to talk. ",Immediate flag for clinical review; priority Tier 2 referral; screen for passive suicidal ideation before routing,MDD in adults 20–45 carries significant functional impairment and suicide risk. Self-help is inadequate as a standalone intervention at this severity.,
Bipolar Disorder (I & II),Contradictory signals: user reports periods of high energy AND low mood; AI cannot confidently assign tier,Route to Tier 2,"It sounds like your mood has been changing quiet a bit, but that is something a professional can really help you make sense of. Can I connect you with someone?",Flag for Shreya with full signal log; urgent Tier 2 referral; note possible hypomanic state if speech is rapid or euphoric,Bipolar disorder requires clinical diagnosis before any intervention. Self-help tools risk reinforcing a depressive phase while missing mania. Misclassification is dangerous.,
Cyclothymia,"15+ turns; user describes years of fluctuating low and elevated mood not meeting full bipolar criteria; AI cannot determine whether this is cyclothymia, bipolar II, or personality disorder; confidence split",Route to Tier 2,"It sounds like your mood has been going up and down for a long time. A professional assessment could give you real clarity on what's happening, would you be open to being connected?",Tier 2 referral; psychiatric assessment to differentiate cyclothymia from bipolar II and BPD; flag chronicity and functional impact in handover,"Cyclothymia is frequently misdiagnosed as mood instability, BPD, or anxiety. A significant proportion convert to bipolar I or II. Clinical assessment before self-help is essential.",
Premenstrual Dysphoric Disorder (PMDD),15+ turns; user describes severe mood symptoms in the luteal phase causing significant functional impairment; AI cannot differentiate PMDD from MDD or PMS; confidence below threshold,Route to Tier 2 + External,"What you're describing sounds really debilitating, and you deserve proper support with it. There are specialists who understand this specifically, can I connect you? I am always going to be there to support you in this journey along with a professional. ",Tier 2 referral; gynaecologist or specialist PMDD clinic preferred; note symptom timing and functional impact; flag for symptom diary tracking before clinical appointment,"PMDD is a severe, clinically distinct condition from PMS. It requires specialist assessment (often gynaecology + psychiatry) and evidence-based treatment (SSRIs, hormonal options, CBT). Self-help is insufficient.",
Persistent Depressive Disorder (Dysthymia),15+ turns; confidence below threshold; user minimises symptoms as 'just how I am',Route to Tier 2,"Sometimes when we feel low for a long time, it can start to feel normal, but you deserve more than that. Talking to someone might really help. Would you like me to connect you?",Flag for clinical review; Tier 2 referral; note normalisation of chronic low mood in session log,"Dysthymia is often invisible to the sufferer. Young adults 20–45 may mistake it for personality. Without clinical validation, self-help tools may miss this entirely.",
GROUP 3 — TRAUMA & STRESSOR-RELATED DISORDERS,,,,,,
Post-Traumatic Stress Disorder (PTSD),Insufficient signal after 15+ turns; user alludes to past event but does not elaborate; confidence below threshold,Route to Tier 2,Certain events in our life can be very difficult to share. You don't need to share anything you're not ready to . I am here for you and want to make sure you get the right support. Would it be okay to connect you with someone trained in this?,Immediate Tier 2 referral; trauma-informed clinician preferred; do not press for event details in bot session,PTSD requires trauma-informed care. Unprompted recall of trauma in an AI session without clinical structure risks re-traumatisation.,
Current Intimate Partner Violence (IPV),"Any signal suggesting current domestic abuse, physical violence, or coercive control — regardless of tier confidence or turn count",Immediate Tier 2 + Emergency External Routing,I value your safety over everything else. Your safety is the most important thing. Can I connect you with someone who can help with exactly this?,Immediate clinical lead notification; MARAC referral if high-risk indicators; do NOT instruct user to confront partner; do NOT create written safety plan in chat,"IPV is a safeguarding emergency. AI tools must not attempt safety planning — this requires trained professional. Written plans in digital form may be discovered by abuser. External emergency routing is mandatory. iCall — 9152987821, Vandrevala Foundation — 1860-2662-345. Majlis Legal Centre Mumbai — for legal support, Snehi — 044-24640050 National Commission for Women helpline — 7827170170 One Stop Centre — 181",
Historical IPV / Leaving an Abusive Relationship,"User discloses past IPV; expresses distress, trauma symptoms, or difficulty leaving; AI cannot determine current safety or trauma severity; confidence below threshold",Route to Tier 2 + External,What you've been through sounds incredibly hard. There are people who specialise in supporting survivors and can give you the kind of help you deserve. Can I connect you?,Tier 2 referral; trauma-informed clinician required; flag ongoing safety concerns if any; note current living situation,"HPV is a safeguarding emergency. AI tools must not attempt safety planning — this requires trained professional. Written plans in digital form may be discovered by abuser. iCall — 9152987821, Vandrevala Foundation — 1860-2662-345. Majlis Legal Centre Mumbai — for legal support, Snehi — 044-24640050 National Commission for Women helpline — 7827170170 One Stop Centre — 181",
Acute Stress Disorder,Contradictory signals: recent traumatic event reported but user is minimising distress; confidence split,Route to Tier 2,"It sounds like something really difficult happened recently. Even if you're feeling okay right now, it can help to talk to someone. Can I connect you?",Urgent Tier 2 referral; flag recency of event; note minimisation pattern in clinical handover,Acute stress disorder in young adults can transition to PTSD within weeks. Early clinical contact reduces chronification risk.,
Recent Sexual Assault (within 7 days),"User discloses a sexual assault that occurred within the past 7 days — any signal, any turn count",Immediate External Routing (Emergency),I'm really glad you reached out. What happened to you is not your fault. There is specialist support available right now. Can I share that with you?,Immediate external routing; clinical lead notification; do NOT ask for details; do NOT advise about evidence preservation,"Recent sexual assault requires forensic medical care, trauma-informed crisis support, and choice-based care. AI tools cannot handle such issues. It can redirect to iCall — 9152987821, Vandrevala Foundation — 1860-2662-345. Majlis Legal Centre Mumbai — for legal support, Snehi — 044-24640050 National Commission for Women helpline — 7827170170 One Stop Centre — 181",
Historical Sexual Trauma / Childhood Sexual Abuse (Adult Survivor),Adult user discloses historical sexual trauma or childhood sexual abuse; AI cannot assess current impact or clinical need; confidence below threshold,Route to Tier 2 + External,Thank you for trusting me with something so significant. You deserve support from someone who really understands this kind of experience. Can I help connect you?,Tier 2 referral; trauma-informed clinician required; EMDR or trauma-focused CBT preferred; do NOT press for trauma narrative in bot session,Adult survivors of childhood sexual abuse require trauma-informed specialist care. Generic counselling without trauma-specific training can cause re-traumatisation. EMDR is evidence-based for this population.,
Acute / Recent Bereavement,User discloses the death of a loved one within the past 4 weeks; any level of distress; AI cannot assess severity; any signal triggers fallback,Route to Tier 2,"I'm so sorry for your loss. Grief can feel really overwhelming in the early days, and you deserve proper support. Can I connect you with someone who can really be there for you?",Tier 2 referral; bereavement-trained counsellor preferred; note recency and relationship to deceased; flag if user is living alone,"Acute bereavement in adults 20–45 requires human presence, not self-help tools. Early clinical contact reduces risk of complicated grief developing.",
Complicated / Prolonged Grief Disorder,15+ turns; user describes grief lasting 12+ months with significant functional impairment; inability to accept the loss; confidence below threshold,Route to Tier 2,"Grief that goes on for a long time without getting easier is something a specialist can really help with. You don't have to keep carrying this alone, would you be open to being connected?",Tier 2 referral; prolonged grief disorder specialist or CBT therapist; flag chronicity and functional impairment; rule out co-occurring depression,Prolonged Grief Disorder is clinically distinct from normal grief. Evidence-based treatments exist but require clinical delivery — self-help tools are insufficient.,
Loss of a Child,"User discloses the death of a child (any age); any signal, any turn count",Route to Tier 2 + External,"I''m so deeply sorry for your loss.  Losing a child is one of the worst forms of grief there is, and I am here for you.  You also deserve human support from someone who truly understands that. Can I connect you?",Tier 2 referral; child bereavement specialist; Note any suicidal ideation risk in handover,"Parental bereavement carries extremely high risk of complicated grief, depression, and relationship breakdown. Specialist external services are essential alongside clinical support.",
Suicide Bereavement,"User discloses that they have lost someone to suicide; any signal, any turn count",Route to Tier 2 + External,"Losing someone to suicide is a particular kind of grief  that carries extreme pain, a pain that a professional can help you process along with me. Can I help connect you with them?",Tier 2 referral; suicide bereavement specialist; Note any suicidal ideation risk in handover,Suicide bereavement carries significantly elevated suicide risk for the bereaved person themselves. Specialist referral is mandatory. Generic grief counselling is insufficient for this presentation.,
Disenfranchised Grief (Unrecognised Loss),"15+ turns; user describes grief for a loss not socially recognised (miscarriage, pet, estranged relative, end of relationship, job loss); confidence below threshold",Route to Tier 1 with Tier 2 option,"We don’t need a reason for grief to feel valid, what matters is your feeling. Would it help to speak with someone, or would you prefer some resources to explore in your own time?","Offer Tier 1 resources first (grief journalling, psychoeducation); escalate to Tier 2 if distress is significant or functional impairment is present",Disenfranchised grief is often invisible and invalidated. Tier 1 can be appropriate for mild presentations. Tier 2 escalation is needed if grief is prolonged or impairing daily functioning.,
Anticipatory Grief (Terminal Illness of a Loved One),15+ turns; user discloses a loved one has a terminal diagnosis; AI cannot assess distress severity; confidence below threshold,Offer Tier 1 with Tier 2 escalation path,"It can be extremely painful to see a loved on go through something like this. There's support available, whether that's some resources to help you now, or speaking with someone directly. What feels right for you?",Tier 1 initially escalate to Tier 2 if depression or anxiety signals present; flag for carer support services,Anticipatory grief in carers is common and often undertreated. Tier 1 is appropriate for mild distress; Tier 2 if clinical anxiety or depression is co-occurring.,
Grief After Relationship Ending,"15+ turns; user describes significant distress following divorce, separation, or end of long-term relationship; AI cannot assess clinical need; confidence below threshold",Tier 1 with Tier 2 option,"The end of a relationship is a real loss, and it makes sense that you're grieving it. Would it help to talk to someone, or would you like some support you can access in your own time?","Tier 1 for mild adjustment; Tier 2 if distress meets clinical threshold (depression, inability to function); note safety concerns if domestic abuse context",Relationship loss grief can range from normal adjustment to clinical-level depression. Tier 1 is appropriate for mild presentations. Domestic abuse risk must always be screened.,
Adjustment Disorder,User disengagement after 8+ turns; deflective responses following life stressor disclosure,Offer to return later,"Change and loss can be really hard to process. There's no rush here, whenever you'd like to talk more, I'm here.",Log session; mild follow-up re-engagement prompt after 72 hours; escalate if disengagement persists,Adjustment disorder in adults often co-occurs with occupational or relational stress. Disengagement may reflect overwhelm; forced routing is counterproductive.,
GROUP 4 — OBSESSIVE-COMPULSIVE & RELATED DISORDERS,,,,,,
OCD,"15+ turns, confidence below threshold; user describes repetitive thoughts/behaviours but resists labelling",Route to Tier 2,"It sounds like some thoughts or habits are taking up a lot of your energy. A professional who works in this area could really help, would you be open to that?",Tier 2 referral; ERP-trained therapist preferred; flag resistance to labelling in handover notes,OCD requires ERP (Exposure and Response Prevention) — a specific clinical protocol. Generic self-help tools may inadvertently reinforce reassurance-seeking behaviours.,
Hoarding Disorder,"15+ turns; user describes persistent difficulty discarding possessions regardless of value, causing cluttered living spaces and significant distress or impairment; confidence below threshold",Route to Tier 2,"Managing things at home can be really overwhelming sometimes. There's specialist support for exactly this kind of difficulty, would you be open to being connected?","Tier 2 referral; CBT specialist in hoarding disorder; note severity of clutter and any safety risks (fire, hygiene, collapse hazard); coordinate with relatives, close friends",Hoarding disorder requires specialist CBT distinct from standard OCD treatment. Severity can involve serious safety risks. Generic decluttering or mindfulness self-help is contraindicated.,
Trichotillomania,"15+ turns; user describes persistent difficulty in  hair-pulling. There is an irresistible, recurrent urge to pull out one's own hair from the scalp, eyebrows, and eyelashes, leading to noticeable hair loss, distress, and impairment in daily life",Route to Tier 2,"It sounds like some thoughts or habits are taking up a lot of your energy. A professional who works in this area could really help, would you be open to that?","Tier 2 referral; CBT specialist in Trichotillomania disorder; note severity of issue - execessive hair pulling can led to skin infections, balding",Trichotillomania disorder requires specialist CBT distinct from standard OCD treatment. Severity can involve serious safety risks. A person may be prone to infection and serious injury,
Excoriation Disorder,"15+ turns; user describes persistent  skin-picking issue. There is a  repeated, compulsive urge to pick, scratch, or dig at one's own skin. ",Route to Tier 2,"t sounds like some thoughts or habits are taking up a lot of your energy. A professional who works in this area could really help, would you be open to that?","Tier 2 referral; CBT specialist in Excoriation disorder; note severity of issues, explore if there is any scarring, tissue damage.","Excoriation disorder requires specialist CBT distinct from standard OCD treatment. Severity can involve serious safety risks.  This behavior often causes tissue damage, scarring, and severe emotional distress.",
Body Dysmorphic Disorder (BDD),Contradictory signals: user expresses distress about appearance but minimises impact on daily function,Route to Tier 2,"The way we feel about ourselves can be really complex, and you deserve proper support with that. Can I connect you with someone who can help?",Tier 2 referral; CBT-trained clinician; flag appearance-related distress and functional minimisation,BDD in adults 20–45 often presents with high shame. Minimisation of functional impairment is common. Clinical evaluation prevents undertreatment.,
GROUP 5 — EATING DISORDERS,,,,,,
Anorexia Nervosa,"Any signal of food restriction, fear of weight gain, or distorted body image — regardless of tier confidence",Route to Tier 2 immediately,I want to make sure you have the right support around this. Can I connect you with someone who specialises in this area?,Immediate Tier 2 referral; flag for dietitian + therapist team; alert clinical lead if physical health risk mentioned,Anorexia has the highest mortality rate of any psychiatric disorder. No self-help tool is appropriate without concurrent clinical oversight.,
Avoidant / Restrictive Food Intake Disorder (ARFID),"15+ turns; user describes highly restricted diet not driven by body image concerns, causing nutritional deficiency or significant social impairment; AI cannot assess; confidence below threshold",Route to Tier 2 + External,It sounds like eating has been really difficult for you in a particular way. There are specialists who understand this really well. Would you be open to discussing this further?,Tier 2 referral; eating disorder specialist with ARFID experience; dietitian referral; note nutritional risk and weight status in handover,ARFID is distinct from anorexia (no body image disturbance) and requires specialist multidisciplinary treatment (psychology + dietetics). Generic eating disorder self-help tools typically target anorexia/bulimia and are poorly matched.,
Bulimia Nervosa / BED,"15+ turns, confidence below threshold; user discloses binge/purge behaviour or shame around eating",Route to Tier 2,"What you're sharing takes real courage. There's specialised support available that could make a real difference, would you be open to exploring futher?",Tier 2 referral; eating disorder specialist preferred; note shame language in session log,Bulimia and BED in young adults is often minimised or hidden. Shame-based disengagement is high. Clinical intake must be warm and non-judgmental.,
GROUP 6 — PSYCHOTIC DISORDERS,,,,,,
First Episode Psychosis (FEP),"Any signal of hallucinations, delusions, or disorganised thinking in a person with no prior psychosis history — regardless of turn count or tier confidence",Immediate Tier 2 / Emergency escalation,What you're describing sounds really difficult and I want to make sure you get the right support straight away. Can I connect you with someone now?,Immediate referral to Early Intervention in Psychosis (EIP) team; notify clinical lead; do not probe for psychotic content; coordinate with GP for same-day review,FEP in adults 20–45 requires urgent Early Intervention in Psychosis (EIP) services. Duration of untreated psychosis (DUP) directly correlates with outcomes — delay is clinically harmful.,
Brief Psychotic Disorder,Sudden onset psychotic symptoms (less than 1 month) often following a significant stressor; AI cannot differentiate from FEP or acute stress reaction; any signal triggers fallback,Immediate Tier 2 / Emergency,"I can hear that things feel very intense and confusing right now. I'd like to connect you with someone who can help, would that be okay?",Immediate Tier 2 referral; psychiatric review required; note stressor and onset timeline; safety screen for self-harm and harm to others,Brief psychotic disorder can be the onset of a longer-term condition or a stress-related acute episode. Clinical differentiation requires psychiatric assessment — AI tools are entirely contraindicated.,
Delusional Disorder,"15+ turns; user presents with a fixed, non-bizarre delusion (e.g. persecution, jealousy, grandiosity) but otherwise intact functioning; AI cannot assess; confidence below threshold",Route to Tier 2 (psychiatric review),"It sounds like something has been really troubling you. I'd love to connect you with someone who can really listen and help, would that be okay?","Tier 2 referral; psychiatric review required; do not challenge delusional beliefs in bot session; flag delusion theme (persecutory, jealous, etc.) in handover without collusion","Delusional disorder may present with intact general functioning, making it easy to miss. Clinical psychiatric assessment is required. Challenging beliefs without therapeutic alliance causes disengagement.",
Substance-Induced Psychotic Disorder,User discloses psychotic symptoms alongside substance use; AI cannot determine whether psychosis is substance-induced or a co-occurring primary disorder; any signal triggers fallback,Immediate Tier 2 referral,"What you're experiencing sounds really alarming. Let me connect you with someone who can help you make sense of this, is that okay?""",Immediate Tier 2 referral; dual diagnosis service preferred; note substance type and timeline relative to symptoms; GP referral for medical stabilisation,"Substance-induced psychosis (cannabis, stimulants, hallucinogens) in adults 20–45 significantly increases risk of transition to primary psychotic disorder. Dual diagnosis clinical assessment is mandatory.",
Postpartum Psychosis,"User discloses recent birth and is presenting with confusion, hallucinations, delusions, or severe mood disturbance — regardless of turn count",EMERGENCY — Immediate escalation,I'm really glad you reached out. What you're describing is something that needs immediate support. Can I help connect you with someone right now?,SOS Protocols to be initiated and esclated to,Postpartum psychosis is a psychiatric emergency with risk of harm to mother and infant. Rapid deterioration is common. Every minute of delay increases risk. AI tools must not delay emergency routing.,
Schizophrenia / Schizoaffective Disorder,"Any signal of disorganised thinking, paranoia, or reality distortion — regardless of tier confidence",Immediate Tier 2 / emergency routing,"I want to make sure you're properly looked after. Let me connect you with someone who can talk with you directly, is that okay?",Immediate escalation to clinical lead or on-call clinician; do not route to self-help under any circumstances,Psychotic disorders require immediate clinical assessment. AI tools are contraindicated as a primary intervention — risk of reinforcing delusional thinking.,
GROUP 7 — SUBSTANCE USE DISORDERS,,,,,,
Alcohol / Drug Use Disorder,"15+ turns; confidence below threshold; user reports use that impacts work, relationships, or health",Route to Tier 2,"It sounds like this has been affecting more than just one area of your life. Speaking with someone who understands this could really help, Would you be open to it?",Tier 2 referral; addiction-informed clinician; flag functional impact areas in session log,"Substance use disorders in adults 20–45 require clinical assessment for severity, withdrawal risk, and comorbid mental health conditions before any self-help plan.",
Harmful Alcohol Use (Pre-clinical),15+ turns; user describes regular alcohol use above recommended limits but not meeting full AUD criteria; AI cannot assess severity; confidence split between Tier 1 and Tier 2,Tier 1 with Tier 2 escalation option,It sounds like alcohol has been taking up more space than you'd like. Here are some resources you can explore with me and with a professional. Can I curate something specific to your concern?,"Tier 1: self-screen and DIY tools; Tier 2 if AUDIT score suggests harmful/hazardous use, or if mental health co-morbidity is present.", Harmful use without dependence can often be addressed with Tier 1 brief interventions. Clinical assessment (AUDIT) determines threshold. Co-occurring mental health needs always escalate to Tier 2.,
Alcohol Use Disorder (Suspected),"15+ turns; user reports drinking causing functional, relational, or health harm; possible withdrawal symptoms reported; AI cannot assess severity or dependence level; confidence below threshold",Tier 2 + External,It sounds like alcohol has been taking up more space than you'd like. Here are some resources you can explore with me and with a professional. Can I curate something specific to your concern?,Tier 2 referral; MHP experienced in addiction; GP referral if withdrawal symptoms are present (URGENT — withdrawal can be medically dangerous); Nasha Mukti Kendr,Alcohol dependence with withdrawal risk in adults 20–45 is a medical emergency. Abrupt cessation without clinical supervision risks seizure and death. GP referral is mandatory if withdrawal is suspected.,
Alcohol Use — Withdrawal Risk,"User reports shaking, sweating, anxiety, or seizures when not drinking; any signal, any turn count",EMERGENCY — Medical,What you're describing sounds like it needs medical attention right away. Please contact your GP urgently or visit a hospital. This is something that needs to be looked after safely. Can I help you do that?,EMERGENCY: advise GP same-day hospital visit; do not advise user to stop drinking without medical supervision; alert clinical lead. ,Alcohol withdrawal is potentially fatal. Seizures and delirium tremens can occur within 24–72 hours of cessation. This is a medical emergency requiring immediate clinical intervention — not a mental health referral.,
Tobacco / Nicotine Use — Wanting to Quit,15+ turns; user expresses desire to quit smoking or vaping; AI cannot assess dependence level or readiness to change; confidence split between Tier 1 and Tier 2,Tier 1 with Tier 2 option,Wanting to quit is a great first step. Here are some resources you can explore with me and with a professional. Can I curate something specific to your concern?,Tier 1: self-screen and DIY tools; Tier 2 if anxiety or depression is co-occurring with quit attempt,"Tobacco cessation is well-suited to Tier 1 brief interventions for most adults. Tier 2 is indicated if nicotine dependence is severe, previous quit attempts have failed, or co-occurring mental health needs are present.",
Tobacco Use — Not Ready to Quit,User discloses tobacco use but is not currently motivated to quit; AI cannot determine appropriate tier; confidence below threshold,Tier 1 (harm reduction),"That's totally understandable. Quitting is a big step and it has to feel right for you. There's no pressure. If you ever want to explore options, I'm here = and there are things that can help when you're ready.",Tier 1: leave door open; brief motivational information only (not prescriptive); note in session log; revisit at future session if user returns. ,Motivational interviewing principles apply: meeting the user where they are without pressure. Forced quit messages increase resistance. Brief non-judgmental information is the appropriate Tier 1 response.,
Alcohol & Mental Health Co-occurrence,"15+ turns; user presents with both alcohol use and mental health symptoms (anxiety, depression); AI cannot determine which is primary; contradictory signals; confidence below threshold",Tier 2,"It sounds like both your mood and your drinking have been affecting each other. A specialist who understands both could really help, would you be open to being connected?",Tier 2 referral; dual diagnosis clinician preferred; flag both alcohol use and mental health symptoms in handover; do not route to single-issue service., Alcohol and mental health co-occurrence requires integrated dual diagnosis care. Treating one without the other results in poor outcomes. Generic single-issue referral (alcohol only OR mental health only) is clinically inadequate.,
Group 8 - Personality Disorders,,,,,,
Paranoid Personality Disorder (PPD),15+ turns; user describes pervasive distrust and suspicion of others; interprets benign actions as malicious; confidence below threshold; difficulty engaging openly with AI,Route to Tier 2,"It sounds like you've been dealing with a lot of situations that feel threatening or unfair. Speaking with someone who can help you make sense of the situation would be helpful, would you be open to that?""",Tier 2 referral; flag trust difficulties; therapist with PD experience preferred; do not challenge paranoid beliefs directly in bot session,PPD in adults 20–45 involves significant interpersonal impairment. Challenging paranoid thinking without therapeutic alliance causes disengagement. Clinical relationship-building is required before any intervention.,
Narcissistic Personality Disorder (NPD),15+ turns; user presents with grandiosity and entitlement but beneath this discloses significant distress or relationship breakdown; AI cannot assess severity or crisis risk; confidence below threshold,Route to Tier 2,"It sounds like things have been really difficult, particularly in how others have responded to you. Speaking with someone who can help you understand your situation could help, would you be open to it?",Tier 2 referral; therapist with PD and narcissistic injury experience; flag fragile self-esteem and potential shame-rage cycle; note relationship or occupational crisis in handover,"NPD in adults 20–45 is often masked by grandiosity. Narcissistic injury — when the ego is threatened — can trigger rage, suicidal crisis, or severe depression. Clinical assessment is essential.",
Antisocial Personality Disorder (ASPD),"15+ turns; user discloses pattern of disregard for others, deception, or rule-breaking causing distress or legal consequences; AI cannot assess risk; confidence below threshold",Route to Tier 2 (specialist PD service),I'd like to make sure you're getting proper support for what you're going through. Can I connect you with someone who can help?,"Tier 2 referral; specialist personality disorder service preferred; if criminal justice involvement is present, coordinate with probation or MAPPA as appropriate; note risk indicators in handover",ASPD requires specialist PD assessment. Risk management is a core component of any intervention plan. Generic counselling without specialist PD training is contraindicated.,
Histrionic Personality Disorder (HPD),"15+ turns; user presents with intense emotional expression, attention-seeking, and rapidly shifting emotions; AI cannot assess whether this is HPD, BPD, or mood disorder; confidence split",Route to Tier 2,It sounds like you experience things very intensely which could be understood more deepy with support from a professional and me. Can I connect you with someone who can really help?,Tier 2 referral; PD-experienced therapist; differential assessment with BPD and bipolar required; note presentation style in handover without labelling,HPD overlaps significantly with BPD and bipolar disorder. Clinical differential assessment is required before any formulation or treatment planning. Self-help tools cannot safely navigate this complexity.,
Avoidant Personality Disorder (AvPD),"15+ turns; user describes pervasive social inhibition, feelings of inadequacy, and hypersensitivity to rejection; AI cannot differentiate AvPD from social anxiety disorder; confidence below threshold",Route to Tier 2,"It sounds like you've been holding back from a lot of things because of how others might see you. There's real support available for this, would you be open to connecting?",Tier 2 referral; schema therapy or CBT with PD experience; differential assessment with social anxiety disorder required; note pervasiveness vs. situational pattern in handover,"AvPD is distinct from social anxiety in its pervasiveness and ego-syntonic nature. Correct differential diagnosis determines treatment modality — schema therapy for AvPD, CBT for SAD.",
Dependent Personality Disorder (DPD),"15+ turns; user describes excessive need to be cared for, difficulty making decisions alone, and fear of abandonment; confidence below threshold; often presents through relational crisis",Route to Tier 2,It sounds like relationships and support feel really important to you right now and speaking with someone who really understands that could help. Would you be open to it?,Tier 2 referral; attachment-informed therapist preferred; flag risk of abusive or controlling relationships; safety screen if partner involvement is disclosed,DPD in adults 20–45 significantly increases vulnerability to abusive relationships and coercive control. Clinical attachment-informed assessment is required before any self-help intervention.,
Obsessive-Compulsive Personality Disorder (OCPD),"15+ turns; user describes rigid perfectionism, excessive orderliness, and inflexibility causing relational or occupational distress; AI cannot differentiate OCPD from OCD; confidence split",Route to Tier 2,It sounds like the standards you hold yourself and others to have been causing you a lot of stress. Would like me to connect you with someone who could help you understand and channel your emotions better?,Tier 2 referral; differential assessment with OCD required; CBT or schema therapy preferred; note occupational or relational context in handover,OCPD is ego-syntonic (the person does not see symptoms as problematic) unlike OCD. This distinction is critical to treatment planning. Clinical assessment cannot be replaced by self-help.,
Borderline Personality Disorder (BPD),Contradictory signals: intense emotional expression followed by rapid deflection; confidence split,Route to Tier 2,"It sounds like your emotions can be really intense sometimes. I feel speaking to a therpaist can help you make sense of how you can deal with them. Would you like to be connected?""",Tier 2 referral; DBT-trained clinician preferred; flag emotional volatility pattern; no self-harm content to be surfaced,BPD requires DBT (Dialectical Behaviour Therapy) — a highly specific clinical approach. Self-help tools without DBT framing may escalate emotional dysregulation.,
GROUP 9 — NEURODEVELOPMENTAL (PRESENTING IN ADULTS),,,,,,
"ADHD (Adult, Undiagnosed or Undermanaged)","15+ turns; confidence below threshold; user reports difficulty with focus, impulsivity, or task completion",Route to Tier 2,"Managing focus and energy can be really challenging. A professional assessment could give you real clarity and a plan that actually works, would you be open to exploring that?",Tier 2 referral; psychiatrist or psychologist with ADHD assessment experience; note functional impact in log,Adult ADHD is frequently misattributed to anxiety or laziness. Clinical assessment is required before coaching or self-help tools are appropriate.,
GROUP 10 — GENDER DYSPHORIA,,,,,,
Gender Dysphoria ,15+ turns; user expresses distress about incongruence between experienced gender and assigned sex; confidence below threshold; AI cannot assess severity or support needs,Route to Tier 2 + External,"What you're sharing is really important, and I want to make sure you're connected with someone who can support you along with me. Would that be okay?",Tier 2 referral; gender-affirming clinician preferred; flag for specialist gender identity service,NHS Gender Identity Clinic (GIC) or private equivalent; GIRES; Mermaids (if under 25); trans-affirming therapist via Pink Therapy or BACP directory,
Non-Binary / Gender Diverse Identity Distress,User expresses distress related to non-binary or gender diverse identity; AI cannot differentiate identity exploration from clinical distress; confidence below threshold,Route to Tier 2 + External,"Navigating gender identity can bring up a lot of complex feelings. There are people who specialise in supporting. While I am here for you,  would you like my help connecting with a specialist?","Tier 2 referral; gender-affirming therapist preferred; note nature of distress (social, medical, family-related) in handover",Pink Therapy directory; Gendered Intelligence; Stonewall helpline; LGBTQ+ affirming therapist via BACP/COSRT. Gender diverse identity distress in adults 20–45 is highly individualised. Generic mental health support may inadvertently pathologise identity. Affirming specialist referral is the clinical standard.,
Transition-Related Mental Health Distress,"User is mid-transition (social, medical, or legal) and presents with anxiety, depression, or relationship distress; AI cannot assess whether distress is transition-related or independent; confidence split",Route to Tier 2 + External,"Transition is a significant life process, and it makes sense that it brings up a lot emotionally. I am here for you but I'd love to connect you with someone who really understands this journey. Is that okay?",Tier 2 referral; trans-affirming clinician required; coordinate with gender clinic if user is under active gender care,Trans-affirming therapist; NHS GIC psychology team if patient is already in pathway; Samaritans or Switchboard if acute distress. Transition-related distress requires clinicians with specialist trans competence. Standard mental health pathways without trans affirmation competency can be harmful.,
Sexual Orientation Distress / Internalised Homophobia,"User expresses distress about sexual orientation; AI cannot determine if distress is internalised stigma, religious conflict, or clinical disorder; confidence below threshold",Route to Tier 2 + External,I understand that this may be difficult. I would love you to provide you with more support and connect you with someone who specialises in this area. Can I do that? ,Tier 2 referral; LGBTQ+ affirming therapist required; flag religious or family context if present,"Pink Therapy; BACP LGBTQ+ affirming therapist directory; Stonewall helpline; PACE (LGBTQ+ mental health charity). Sexual orientation distress requires affirming, non-pathologising clinical support. Any tool or clinician that is not explicitly LGBTQ+ affirming risks causing harm through conversion-adjacent approaches.",
GROUP 11 — IDENTITY & REALITY DISSOCIATION,,,,,,
Dissociative Identity Disorder (DID),"Any signal of identity alteration, amnesia for personal events, or switching between distinct identity states — regardless of turn count or tier confidence",Immediate Tier 2 referral (specialist),What you're describing sounds really disorienting. I want to make sure you have the right support. can I help connect you with a specialist?,Immediate Tier 2 referral; DID/complex trauma specialist required; do NOT attempt to engage with or question alter states in the bot session; flag for specialist trauma service,DID is a complex trauma disorder requiring highly specialist clinical care. Engaging with alter states without training causes harm. AI tools must not attempt any assessment or intervention.,
Depersonalisation / Derealisation Disorder (DPDR),"15+ turns; user describes persistent feeling of being detached from their body or surroundings; AI cannot differentiate DPDR from anxiety, depression, or psychosis; confidence below threshold",Route to Tier 2,"Feeling disconnected from yourself or the world around you can be really unsettling. Would you be open to speaking with someone, while I still support your joruney?","Tier 2 referral; psychiatric review to rule out psychosis; CBT-trained clinician for DPDR; note triggers (cannabis, trauma, panic) in handover","DPDR in adults 20–45 is frequently triggered by cannabis use, anxiety, or trauma. Differential from psychosis is clinically critical. Self-help without diagnosis risks missing a treatable underlying cause.",
Dissociative Amnesia,User reports inability to recall important autobiographical information beyond normal forgetting; AI cannot assess cause or severity; any signal triggers fallback,Immediate Tier 2 referral (psychiatric/neurological),"Understanding why you are having these gaps is important and deserves proper attention. Can I help connect you with someone who can help?""","Urgent Tier 2 referral; neurological review to rule out medical causes (seizures, TBI); psychiatric assessment for trauma-related amnesia; do not attempt memory retrieval in bot session","Dissociative amnesia requires urgent differential diagnosis between neurological (epilepsy, TBI, stroke) and psychological causes. Attempting memory retrieval without clinical structure causes further harm.",
GROUP 12 — INSOMNIA,,,,,,
Insomnia Disorder (Chronic),15+ turns; user reports persistent difficulty initiating or maintaining sleep for 3+ months with daytime impairment; AI cannot determine if primary or comorbid; confidence below threshold,Route to Tier 2 + External,Sleep difficulties that go on for this long rcan impact other aspects of our life and require additional insight. We have a team of professional who will personalise a treatment plan suited for your issue. Can I connect you to them? ,Tier 2 referral; flag duration and functional impairment; recommend CBT-I (Cognitive Behavioural Therapy for Insomnia) trained therapist,"CBT-I trained therapist , GP to rule out sleep apnoea or medical comorbidity; refer to sleep clinic if CBT-I fails. Chronic insomnia disorder in adults 20–45 requires CBT- Generic sleep hygiene self-help is insufficient for clinical insomnia and risks reinforcing maladaptive sleep beliefs.",
Short-Term Insomnia with High Distress,"User reports acute insomnia (<3 months) but with very high distress, functional impairment at work, or catastrophic thinking about sleep; contradictory signals on severity",Route to Tier 2,I can hear how exhausted and worried you are about your sleep. A profession and I could work together to understand you better. Can I connect you with one of our experts. ,Tier 2 referral; flag catastrophic sleep cognitions; note work or relationship impact,CBT-I therapist if cognitive rigidity is high; GP if medication inquiry is raised; High distress in short-term insomnia is a risk factor for chronification. Early clinical contact prevents the development of chronic insomnia disorder.,
Hypersomnia / Excessive Daytime Sleepiness,"15+ turns; user reports excessive daytime sleepiness despite adequate night sleep; AI cannot differentiate lifestyle, depression, or primary hypersomnia; confidence below threshold",Route to Tier 2 + External,Feeling persistently tired even when you've had enough sleep is definitely worth exploring properly. Can I help connect you with someone who can look into this?,Tier 2 referral; GP referral recommended for sleep apnoea and metabolic screening,"GP (primary — to rule out sleep apnoea, hypothyroidism, anaemia, depression); sleep clinic if narcolepsy or idiopathic hypersomnia is suspected. Hypersomnia in adults 20–45 has multiple medical and psychiatric causes. Self-help is contraindicated without diagnosis. Narcolepsy in particular is often missed for years without specialist input.",
Delayed Sleep Phase Disorder (DSPD),User reports inability to sleep until very late and difficulty waking early; AI cannot determine if this is a circadian disorder or insomnia; confidence below threshold,Route to Tier 2 + External,Understanding your body can help you find answers and bring about change. Would you like me to connect you?,Tier 2 referral; note occupational and social impact; flag for sleep specialist,"Sleep clinic or chronobiologist; CBT-I therapist with circadian expertise; light therapy guidance from sleep specialist. DSPD in adults 20–45 is a circadian rhythm disorder requiring specialist chronotherapy, not generic sleep hygiene. Misidentification as insomnia leads to ineffective treatment.",
REM Sleep Behaviour Disorder / Night Terrors (Adult),"User reports acting out dreams, violent sleep behaviour, or severe night terrors causing distress or safety concerns; any signal triggers fallback",Route to Tier 2 + External (Urgent),Your safety and wellbeing are extremely important to me and I'd like to connect you with someone who can help. Ill be here to support you as well. Is that okay?,Urgent Tier 2 referral; flag safety concern (self-injury risk during sleep events); GP referral for sleep study,Sleep clinic (polysomnography required); neurologist if RBD is suspected (can be early marker of Parkinson's in adults); GP for urgent referral. REM sleep behaviour disorder in adults under 45 can indicate underlying neurological conditions. Safety risk during sleep episodes requires urgent clinical assessment — not self-help.,
GROUP 13 — SOMATIC SYMPTOM DISORDER,,,,,,
Somatic Symptom Disorder (SSD),15+ turns; user presents with multiple physical symptoms for which no medical cause has been found; high health anxiety; confidence below threshold on psychological vs. medical tier,Route to Tier 2 + External,What you're experiencing is needs indepth exploration both the physical and emotional side. Can I connect you with our experts?,Tier 2 referral; flag medical history and previous investigations; liaise with GP if ongoing medical tests are in progress,Liaison psychiatry or health psychology service; GP to coordinate care; chronic pain clinic if pain is the primary symptom. SSD in adults 20–45 requires integrated medical and psychological care. Routing to self-help dismisses the physical experience. Routing to medical without psychological involvement misses the disorder's core.,
Illness Anxiety Disorder (Health Anxiety),User reports persistent fear of serious illness despite negative investigations; reassurance-seeking pattern; AI cannot assess severity; confidence below threshold,Route to Tier 2,"I can hear how frightening it is to worry about your health this much. Speaking with someone  could make a real difference/ Would you be open to it?, I am right by your side.",Tier 2 referral; CBT-trained clinician preferred; note reassurance-seeking pattern; coordinate with GP to agree investigation limits,CBT therapist with health anxiety expertise; GP to coordinate and agree on investigation boundaries; Illness anxiety disorder requires CBT to break reassurance-seeking cycles. Unguided self-help or continued medical investigations without psychological support typically worsens the disorder.,
Chronic Pain with Psychological Overlay,"User presents with long-standing pain; significant distress, catastrophising, or functional loss; AI cannot assess pain severity or psychological component; confidence below threshold",Route to Tier 2 + External,"Living with chronic pain is incredibly hard, and you deserve support that looks at the whole picture. I am here by yourside, but can I also connect you with someone who understands that?",Tier 2 referral; pain psychologist preferred; flag catastrophising language; coordinate with GP and any existing pain management team,"Pain management clinic (multidisciplinary); pain psychologist; physiotherapist; GP to coordinate. Chronic pain in adults 20–45 involves biological, psychological, and social factors. Self-help without clinical pain psychology oversight risks worsening catastrophising and functional disability.",
Functional Neurological Symptom Disorder (FND),"User reports neurological-type symptoms (limb weakness, non-epileptic seizures, sensory loss) without confirmed organic cause; AI cannot assess; any signal triggers fallback",Route to Tier 2 + External (Urgent),What you're experiencing sounds really difficult and confusing. It's important you have proper support. Can I connect you with someone who can help?,Urgent Tier 2 referral; neurologist and liaison psychiatrist coordination required; do not suggest symptoms are 'psychological' in bot script,Neurology (to confirm diagnosis); liaison psychiatry; FND specialist physiotherapy; FND requires specialist neurological diagnosis before any psychological intervention. Describing symptoms as 'in the mind' without proper diagnosis is harmful and clinically inappropriate.,
GROUP 14 — GAMBLING DISORDER,,,,,,
Gambling Disorder,"15+ turns; user discloses repeated gambling causing financial, relational, or occupational harm; AI cannot assess severity; confidence below threshold",Route to Tier 2 + External,"It takes real courage to talk about this, and I along with my team am here to support you. Would you be open to being connected with someone who specialises in this?",Tier 2 referral; flag financial impact and debt level; note family or relationship impact; urgent if significant debt or suicidal ideation present,"Gambling disorder in adults 20–45 is associated with high rates of depression, suicidality, and financial crisis. ",
Internet Gaming Disorder / Problematic Screen Use,User reports internet or gaming use causing significant functional impairment; AI cannot determine clinical disorder vs. lifestyle concern; contradictory signals,Route to Tier 2,It sounds like this has been taking up more space than you'd like. Speaking with someone who understands this could really help you get more control back. Would you be open to that?,"Tier 2 referral; CBT-trained clinician preferred; note functional domains affected (work, sleep, relationships)","CBT therapist with behavioural addiction experience; Psychaitrist if co-occurring depression or anxiety is present. Internet gaming disorder in adults 20–45 frequently co-occurs with depression, anxiety, and ADHD. Clinical assessment is required before any behavioural intervention.",
Compulsive Buying Disorder,"15+ turns; user reports repeated, uncontrolled buying causing financial or relational distress; AI cannot determine severity; confidence below threshold",Route to Tier 2,"Shopping can sometimes become a way of managing difficult feelings, and there's good support available to help with that. Would you like to be connected?",Tier 2 referral; CBT-trained clinician; flag financial harm; note emotional triggers for buying in handover,CBT therapist with OCD/impulse control experience. Compulsive buying disorder involves impulse control deficits often linked to OCD spectrum or mood disorders. Self-help without clinical framing risks reinforcing compensatory behaviour patterns.,
Compulsive Sexual Behaviour as Behavioural Addiction,"User frames sexual behaviour as addictive; reports loss of control, escalation, and significant life impact; 15+ turns; confidence below threshold",Route to Tier 2 + External,"What you're describing takes real honesty to share. There are specialists who understand this and can really help, would you be open to being connected?",Tier 2 referral; sex therapist or CSBD specialist; flag shame and secrecy; note relationship impact," Compulsive sexual behaviour disorder requires specialist sex therapy, not generic addiction models. Shame is high and self-help engagement is typically low without warm clinical handover.",
GROUP 15 — General Concerns,,,,,,
Low Motivation,15+ turns; user describes general low motivation affecting daily tasks; no clinical indicators of depression; confidence leans toward Tier 1 but not certain,Tier 1 with Tier 2 watch,"Feeling like your motivation has dipped is really common, especially during busy or uncertain times. I can share some tools that really help, and if things feel heavier than that, we can look at more support too.","Tier 1: behavioural activation resources, goal-setting tools, CBT-based self-help; escalate to Tier 2 if motivation loss persists 2+ weeks or is accompanied by low mood or anhedonia",Low motivation without clinical depression is appropriate for Tier 1 self-help. Persistent motivation loss (2+ weeks) with low mood may signal MDD — clinical reassessment is then required.,
Identity Uncertainty,"15+ turns; user expresses confusion or distress about who they are, their values, or their sense of self; no clinical indicators; AI cannot determine clinical threshold; confidence split",Tier 1 with Tier 2 option,"Questioning who you are and what matters to you is something many people go through and it can feel really unsettling. Would some tools to explore this help, or would speaking with someone feel more right?","Tier 1: values clarification exercises, psychoeducation on identity development; Tier 2 if distress is significant or if identity uncertainty is linked to trauma, gender, or major loss",Identity uncertainty in adults 20–45 (particularly around major life transitions) is often a normal developmental process. Tier 1 is appropriate unless distress is clinically significant or linked to a specific clinical presentation.,
Low Confidence,15+ turns; user describes general lack of confidence in social or professional settings; no clinical-level anxiety or depression; AI leans toward Tier 1 but confidence below threshold,Tier 1 with Tier 2 watch,"Confidence can really fluctuate, and it's something that can be built. I can share some really useful tools and if it feels like more than that, there's professional support available too.","Tier 1: CBT-based confidence building, assertiveness training resources; Tier 2 if confidence issues are linked to social anxiety disorder, trauma, or significant functional impairment",Low confidence without clinical social anxiety is well-suited to Tier 1 CBT-based self-help. Escalation is warranted if avoidance behaviour or functional impairment is present — this may indicate Social Anxiety Disorder.,
Low Self-Esteem,15+ turns; user describes persistent negative self-evaluation; no overt clinical indicators; AI cannot determine if this is subclinical or linked to depression/trauma; confidence split,Tier 1 with Tier 2 watch,The way we see ourselves can really shape how we experience everything. You can explore this yourself or with a professional. What feels right?,"Tier 1: self-compassion resources, CBT for self-esteem; Tier 2 if self-esteem is linked to depression, trauma history, or eating disorder risk; flag persistent negative self-talk","Low self-esteem is frequently a transdiagnostic feature across depression, eating disorders, and trauma. Tier 1 is appropriate for mild subclinical presentations. Clinical assessment is required if co-occurring conditions are suspected.",
Career Concerns / Work Stress,"15+ turns; user expresses distress about career direction, job dissatisfaction, or workplace stress; AI cannot determine if this is practical concern or clinical burnout; confidence split",Tier 1 with Tier 2 escalation path,Work and career stress can really weigh on you. I can share some resources that might help or you can speak with someone could make a real difference.,"Tier 1: career coaching resources, stress management tools, EAP (Employee Assistance Programme) if available; Tier 2 if burnout indicators present (exhaustion, detachment, reduced efficacy) or co-occurring depression/anxiety",Career concerns range from practical (Tier 1) to clinical burnout (Tier 2). EAP referral is an appropriate intermediate step. Clinical assessment is required if burnout symptoms meet WHO diagnostic criteria.,
Life Purpose / Meaning,15+ turns; user expresses existential distress or difficulty finding meaning or purpose in their life; AI cannot assess clinical significance; confidence below threshold,Tier 1 with Tier 2 option,"Questioning the purpose and meaning of life can feel really isolating. Would it help to explore some ideas together, or would speaking with someone feel more right?","Tier 1: meaning-centred psychoeducation, ACT-based values work; Tier 2 if existential distress co-occurs with depression, suicidal ideation, or major loss","Existential distress about meaning/purpose is common in adults 20–45, particularly post major transitions. Tier 1 ACT and meaning-centred approaches are evidence-based. Tier 2 is indicated if depression or suicidal ideation is co-occurring.",
Relationship / Friendship Difficulties,"15+ turns; user describes general interpersonal difficulties (conflict, loneliness, communication problems); no safety concerns; AI cannot determine clinical need; confidence split",Tier 1 with Tier 2 option,Navigating relationships can be really tricky. Would you like some tools that can be helpful or would you like to talk to a professional?,"Tier 1: communication and assertiveness resources, interpersonal skills psychoeducation; Tier 2 if loneliness is chronic, if relationship difficulties link to attachment trauma, or if safety concerns arise","Interpersonal difficulties in adults 20–45 are common and often well-served by Tier 1 self-help. Escalation is warranted if chronic loneliness, attachment disruption, or safety concerns are present.",
Academic or Study Stress,"15+ turns; user describes stress related to study, exams, or academic performance; AI cannot determine if this is normal stress or clinical anxiety; confidence split",Tier 1 with Tier 2 watch,"Study pressure can be really overwhelming. I can share some tools that really help with stress and performance. But if you feel you need more support, that is available as well.  ","Tier 1: study skills, time management, stress management psychoeducation; Tier 2 if performance anxiety meets clinical threshold, or if perfectionism/OCD indicators are present","Academic stress in adults 20–45 (mature students, postgraduate study) is common and often well-suited to Tier 1 stress management. Escalation is warranted if anxiety is clinically significant or perfectionism is impairing.",
Financial Stress (Primarily Practical),"15+ turns; user expresses stress about money, debt, or financial uncertainty; AI cannot determine if this is primarily practical or clinical; confidence split",Tier 1 with Tier 2 option,"Financial stress is really common and really hard. There are some practical resources that can help. But if it's affecting your mental health, there's support for that as well. What would feel most useful?","Tier 1: StepChange, Citizens Advice, Money and Mental Health Policy Institute resources; Tier 2 if financial stress is triggering clinical anxiety or depression; note suicidal ideation risk in severe debt situations","Financial stress in adults 20–45 is strongly linked to depression, anxiety, and suicide risk. Practical Tier 1 support is appropriate for mild presentations. Mental health clinical referral is needed if depression or suicidal ideation is present.",
Physical Health Anxiety (Non-clinical),15+ turns; user expresses worry about physical health without clinical-level health anxiety; AI cannot determine if this is normal concern or health anxiety disorder; confidence split,Tier 1 with Tier 2 watch,"Worrying about your health is really understandable. I can share some ideas that help with managing health worries. But if they're really taking over your thoughts, speaking with someone could help too.","Tier 1: health anxiety psychoeducation, mindfulness; Tier 2 if worry is persistent, reassurance-seeking is present, or multiple GP visits with no medical findings — may indicate Illness Anxiety Disorder",Subclinical health worry is common and addressable with Tier 1 psychoeducation. Persistent reassurance-seeking with high distress signals Illness Anxiety Disorder requiring clinical CBT — not generic self-help.,
,,,,,,
,,,,,,
,,,,,,
,,,,,,
,,,,,,
,,,,,,
,,,,,,
,,,,,,
,,,,,,
,,,,,,
,,,,,,
,,,,,,
,,,,,,
,,,,,,
,,,,,,
,,,,,,
,,,,,,
,,,,,,
,,,,,,
,,,,,,
,,,,,,
,,,,,,
,,,,,,
,,,,,,
,,,,,,
,,,,,,
,,,,,,
,,,,,,
,,,,,,
,,,,,,
,,,,,,
,,,,,,
,,,,,,
,,,,,,
,,,,,,
,,,,,,
,,,,,,
,,,,,,
,,,,,,
,,,,,,
,,,,,,
,,,,,,
,,,,,,
,,,,,,
,,,,,,
,,,,,,
,,,,,,
,,,,,,
,,,,,,
,,,,,,
,,,,,,
,,,,,,
,,,,,,
,,,,,,
,,,,,,
,,,,,,
,,,,,,
,,,,,,
,,,,,,
,,,,,,
,,,,,,
,,,,,,
,,,,,,
,,,,,,
,,,,,,
,,,,,,
,,,,,,
,,,,,,
,,,,,,
,,,,,,
,,,,,,
,,,,,,
,,,,,,
,,,,,,
,,,,,,
,,,,,,
,,,,,,
,,,,,,
,,,,,,
,,,,,,
,,,,,,
,,,,,,
,,,,,,
,,,,,,
,,,,,,
,,,,,,
,,,,,,
,,,,,,
,,,,,,
,,,,,,
,,,,,,
,,,,,,
,,,,,,
,,,,,,
,,,,,,
,,,,,,
,,,,,,
,,,,,,
,,,,,,
,,,,,,
,,,,,,
,,,,,,
,,,,,,
,,,,,,
,,,,,,
,,,,,,
,,,,,,
,,,,,,
,,,,,,
,,,,,,
,,,,,,
,,,,,,
,,,,,,
,,,,,,
,,,,,,
,,,,,,
,,,,,,
,,,,,,
,,,,,,
,,,,,,
,,,,,,
,,,,,,
,,,,,,
,,,,,,
,,,,,,
,,,,,,
,,,,,,
,,,,,,
,,,,,,
,,,,,,
,,,,,,
,,,,,,
,,,,,,
,,,,,,
,,,,,,
,,,,,,
,,,,,,
,,,,,,
,,,,,,
,,,,,,
,,,,,,
,,,,,,
,,,,,,
,,,,,,
,,,,,,
,,,,,,
,,,,,,
,,,,,,
,,,,,,
,,,,,,
,,,,,,
,,,,,,
,,,,,,
,,,,,,
,,,,,,
,,,,,,
,,,,,,
,,,,,,
,,,,,,
,,,,,,
,,,,,,
,,,,,,
,,,,,,
,,,,,,
,,,,,,
,,,,,,
,,,,,,
,,,,,,
,,,,,,
,,,,,,
,,,,,,
,,,,,,
,,,,,,
,,,,,,
,,,,,,
,,,,,,
,,,,,,
,,,,,,
,,,,,,
,,,,,,
,,,,,,
,,,,,,
,,,,,,
,,,,,,
,,,,,,
,,,,,,
,,,,,,
,,,,,,
,,,,,,
,,,,,,
,,,,,,
,,,,,,
,,,,,,
,,,,,,
,,,,,,
,,,,,,
,,,,,,
,,,,,,
,,,,,,
,,,,,,
,,,,,,
,,,,,,
,,,,,,
,,,,,,
,,,,,,
,,,,,,
,,,,,,
,,,,,,
,,,,,,
,,,,,,
,,,,,,
,,,,,,
,,,,,,
,,,,,,
,,,,,,
,,,,,,
,,,,,,
,,,,,,
,,,,,,
,,,,,,
,,,,,,
,,,,,,
,,,,,,
,,,,,,
,,,,,,
,,,,,,
,,,,,,
,,,,,,
,,,,,,
,,,,,,
,,,,,,
,,,,,,
,,,,,,
,,,,,,
,,,,,,
,,,,,,
,,,,,,
,,,,,,
,,,,,,
,,,,,,
,,,,,,
,,,,,,
,,,,,,
,,,,,,
,,,,,,
,,,,,,
,,,,,,
,,,,,,
,,,,,,
,,,,,,
,,,,,,
,,,,,,
,,,,,,
,,,,,,
,,,,,,
,,,,,,
,,,,,,
,,,,,,
,,,,,,
,,,,,,
,,,,,,
,,,,,,
,,,,,,
,,,,,,
,,,,,,
,,,,,,
,,,,,,
,,,,,,
,,,,,,
,,,,,,
,,,,,,
,,,,,,
,,,,,,
,,,,,,
,,,,,,
,,,,,,
,,,,,,
,,,,,,
,,,,,,
,,,,,,
,,,,,,
,,,,,,
,,,,,,
,,,,,,
,,,,,,
,,,,,,
,,,,,,
,,,,,,
,,,,,,
,,,,,,
,,,,,,
,,,,,,
,,,,,,
,,,,,,
,,,,,,
,,,,,,
,,,,,,
,,,,,,
,,,,,,
,,,,,,
,,,,,,
,,,,,,
,,,,,,
,,,,,,
,,,,,,
,,,,,,
,,,,,,
,,,,,,
,,,,,,
,,,,,,
,,,,,,
,,,,,,
,,,,,,
,,,,,,
,,,,,,
,,,,,,
,,,,,,
,,,,,,
,,,,,,
,,,,,,
,,,,,,
,,,,,,
,,,,,,
,,,,,,
,,,,,,
,,,,,,
,,,,,,
,,,,,,
,,,,,,
,,,,,,
,,,,,,
,,,,,,
,,,,,,
,,,,,,
,,,,,,
,,,,,,
,,,,,,
,,,,,,
,,,,,,
,,,,,,
,,,,,,
,,,,,,
,,,,,,
,,,,,,
,,,,,,
,,,,,,
,,,,,,
,,,,,,
,,,,,,
,,,,,,
,,,,,,
,,,,,,
,,,,,,
,,,,,,
,,,,,,
,,,,,,
,,,,,,
,,,,,,
,,,,,,
,,,,,,
,,,,,,
,,,,,,
,,,,,,
,,,,,,
,,,,,,
,,,,,,
,,,,,,
,,,,,,
,,,,,,
,,,,,,
,,,,,,
,,,,,,
,,,,,,
,,,,,,
,,,,,,
,,,,,,
,,,,,,
,,,,,,
,,,,,,
,,,,,,
,,,,,,
,,,,,,
,,,,,,
,,,,,,
,,,,,,
,,,,,,
,,,,,,
,,,,,,
,,,,,,
,,,,,,
,,,,,,
,,,,,,
,,,,,,
,,,,,,
,,,,,,
,,,,,,
,,,,,,
,,,,,,
,,,,,,
,,,,,,
,,,,,,
,,,,,,
,,,,,,
,,,,,,
,,,,,,
,,,,,,
,,,,,,
,,,,,,
,,,,,,
,,,,,,
,,,,,,
,,,,,,
,,,,,,
,,,,,,
,,,,,,
,,,,,,
,,,,,,
,,,,,,
,,,,,,
,,,,,,
,,,,,,
,,,,,,
,,,,,,
,,,,,,
,,,,,,
,,,,,,
,,,,,,
,,,,,,
,,,,,,
,,,,,,
,,,,,,
,,,,,,
,,,,,,
,,,,,,
,,,,,,
,,,,,,
,,,,,,
,,,,,,
,,,,,,
,,,,,,
,,,,,,
,,,,,,
,,,,,,
,,,,,,
,,,,,,
,,,,,,
,,,,,,
,,,,,,
,,,,,,
,,,,,,
,,,,,,
,,,,,,
,,,,,,
,,,,,,
,,,,,,
,,,,,,
,,,,,,
,,,,,,
,,,,,,
,,,,,,
,,,,,,
,,,,,,
,,,,,,
,,,,,,
,,,,,,
,,,,,,
,,,,,,
,,,,,,
,,,,,,
,,,,,,
,,,,,,
,,,,,,
,,,,,,
,,,,,,
,,,,,,
,,,,,,
,,,,,,
,,,,,,
,,,,,,
,,,,,,
,,,,,,
,,,,,,
,,,,,,
,,,,,,
,,,,,,
,,,,,,
,,,,,,
,,,,,,
,,,,,,
,,,,,,
,,,,,,
,,,,,,
,,,,,,
,,,,,,
,,,,,,
,,,,,,
,,,,,,
,,,,,,
,,,,,,
,,,,,,
,,,,,,
,,,,,,
,,,,,,
,,,,,,
,,,,,,
,,,,,,
,,,,,,
,,,,,,
,,,,,,
,,,,,,
,,,,,,
,,,,,,
,,,,,,
,,,,,,
,,,,,,
,,,,,,
,,,,,,
,,,,,,
,,,,,,
,,,,,,
,,,,,,
,,,,,,
,,,,,,
,,,,,,
,,,,,,
,,,,,,
,,,,,,
,,,,,,
,,,,,,
,,,,,,
,,,,,,
,,,,,,
,,,,,,
,,,,,,
,,,,,,
,,,,,,
,,,,,,
,,,,,,
,,,,,,
,,,,,,
,,,,,,
,,,,,,
,,,,,,
,,,,,,
,,,,,,
,,,,,,
,,,,,,
,,,,,,
,,,,,,
,,,,,,
,,,,,,
,,,,,,
,,,,,,
,,,,,,
,,,,,,
,,,,,,
,,,,,,
,,,,,,
,,,,,,
,,,,,,
,,,,,,
,,,,,,
,,,,,,
,,,,,,
,,,,,,
,,,,,,
,,,,,,
,,,,,,
,,,,,,
,,,,,,
,,,,,,
,,,,,,
,,,,,,
,,,,,,
,,,,,,
,,,,,,
,,,,,,
,,,,,,
,,,,,,
,,,,,,
,,,,,,
,,,,,,
,,,,,,
,,,,,,
,,,,,,
,,,,,,
,,,,,,
,,,,,,
,,,,,,
,,,,,,
,,,,,,
,,,,,,
,,,,,,
,,,,,,
,,,,,,
,,,,,,
,,,,,,
,,,,,,
,,,,,,
,,,,,,
,,,,,,
,,,,,,
,,,,,,
,,,,,,
,,,,,,
,,,,,,
,,,,,,
,,,,,,
,,,,,,
,,,,,,
,,,,,,
,,,,,,
,,,,,,
,,,,,,
,,,,,,
,,,,,,
,,,,,,
,,,,,,
,,,,,,
,,,,,,
,,,,,,
,,,,,,
,,,,,,
,,,,,,
,,,,,,
,,,,,,
,,,,,,
,,,,,,
,,,,,,
,,,,,,
,,,,,,
,,,,,,
,,,,,,
,,,,,,
,,,,,,
,,,,,,
,,,,,,
,,,,,,
,,,,,,
,,,,,,
,,,,,,
,,,,,,
,,,,,,
,,,,,,
,,,,,,
,,,,,,
,,,,,,
,,,,,,
,,,,,,
,,,,,,
,,,,,,
,,,,,,
,,,,,,
,,,,,,
,,,,,,
,,,,,,
,,,,,,
,,,,,,
,,,,,,
,,,,,,
,,,,,,
,,,,,,
,,,,,,
,,,,,,
,,,,,,
,,,,,,
,,,,,,
,,,,,,
,,,,,,
,,,,,,
,,,,,,
,,,,,,
,,,,,,
,,,,,,
,,,,,,
,,,,,,
,,,,,,
,,,,,,
,,,,,,
,,,,,,
,,,,,,
,,,,,,
,,,,,,
,,,,,,
,,,,,,
,,,,,,
,,,,,,
,,,,,,
,,,,,,
,,,,,,
,,,,,,
,,,,,,
,,,,,,
,,,,,,
,,,,,,
,,,,,,
,,,,,,
,,,,,,
,,,,,,
,,,,,,
,,,,,,
,,,,,,
,,,,,,
,,,,,,
,,,,,,
,,,,,,
,,,,,,
,,,,,,
,,,,,,
,,,,,,
,,,,,,
,,,,,,
,,,,,,
,,,,,,
,,,,,,
,,,,,,
,,,,,,
,,,,,,
,,,,,,
,,,,,,
,,,,,,
,,,,,,
,,,,,,
,,,,,,
,,,,,,
,,,,,,
,,,,,,
,,,,,,
,,,,,,
,,,,,,
,,,,,,
,,,,,,
,,,,,,
,,,,,,
,,,,,,
,,,,,,
,,,,,,
,,,,,,
,,,,,,
,,,,,,
,,,,,,
,,,,,,
,,,,,,
,,,,,,
,,,,,,
,,,,,,
,,,,,,
,,,,,,
,,,,,,
,,,,,,
,,,,,,
,,,,,,
,,,,,,
,,,,,,
,,,,,,
,,,,,,
,,,,,,
,,,,,,
,,,,,,
,,,,,,
,,,,,,
,,,,,,
,,,,,,
,,,,,,
,,,,,,
,,,,,,
,,,,,,
,,,,,,
,,,,,,
,,,,,,
,,,,,,
,,,,,,
,,,,,,
,,,,,,
,,,,,,
,,,,,,
,,,,,,
,,,,,,
,,,,,,
,,,,,,
,,,,,,
,,,,,,
,,,,,,
,,,,,,
,,,,,,
,,,,,,
,,,,,,
,,,,,,
,,,,,,
,,,,,,
,,,,,,
,,,,,,
,,,,,,
,,,,,,
,,,,,,
,,,,,,
,,,,,,
,,,,,,
,,,,,,
,,,,,,
,,,,,,
,,,,,,
,,,,,,
,,,,,,
,,,,,,
,,,,,,
,,,,,,
,,,,,,
,,,,,,
,,,,,,
,,,,,,
,,,,,,
,,,,,,
,,,,,,
,,,,,,
,,,,,,
,,,,,,
,,,,,,
,,,,,,
,,,,,,
,,,,,,
,,,,,,
,,,,,,
,,,,,,
,,,,,,
,,,,,,
,,,,,,
,,,,,,
,,,,,,
,,,,,,
,,,,,,
,,,,,,
,,,,,,
,,,,,,
,,,,,,
,,,,,,
,,,,,,
,,,,,,
,,,,,,
,,,,,,
,,,,,,
,,,,,,
,,,,,,
,,,,,,
,,,,,,
,,,,,,
,,,,,,
,,,,,,
,,,,,,
,,,,,,
,,,,,,
,,,,,,
,,,,,,
,,,,,,
,,,,,,
,,,,,,
,,,,,,
,,,,,,
,,,,,,
,,,,,,
,,,,,,
,,,,,,
,,,,,,
,,,,,,
,,,,,,
,,,,,,
,,,,,,
,,,,,,
,,,,,,
,,,,,,
,,,,,,
,,,,,,
,,,,,,
,,,,,,
,,,,,,
,,,,,,
,,,,,,
,,,,,,
,,,,,,
,,,,,,
,,,,,,
,,,,,,
,,,,,,
,,,,,,
,,,,,,
,,,,,,
,,,,,,
,,,,,,
,,,,,,
,,,,,,
,,,,,,
,,,,,,
,,,,,,
,,,,,,
,,,,,,
,,,,,,
,,,,,,
,,,,,,
,,,,,,
,,,,,,
,,,,,,
,,,,,,
,,,,,,
,,,,,,
,,,,,,
,,,,,,
,,,,,,
,,,,,,
,,,,,,
,,,,,,
