CATEGORY C — How the AI Decides  |  PHASE 1 — Foundation,,,,,
"PURPOSE: The most clinically critical sheet. Defines phrases and patterns triggering IMMEDIATE escalation. No ambiguity, no creative interpretation. Life-safety.",,,,,
"HOW TO FILL: For each red flag: provide 5+ trigger phrases (including indirect/disguised versions), clinical meaning, immediate system action, and the EXACT bot script. YOU write these scripts — dev team implements verbatim. Include both direct ('I want to end it') and disguised expressions ('I'm so tired of everything').",,,,,
ESTIMATED TIME: 1-2 hours,,,,,
Flag ID,Trigger Phrase Examples (5+),Clinical Meaning,Immediate Action,Bot Script (YOU write — verbatim),Escalation Target
"Auto-increment: RF-001, RF-002, etc.",Include DIRECT and INDIRECT/DISGUISED expressions. Min 5 examples per flag. Think: how do people say this when they're NOT being direct?,Clinical classification of what this flag indicates.,What the system does IMMEDIATELY when detected.,"YOUR EXACT WORDS. Dev implements verbatim. Must acknowledge, validate, and move toward help.","Who gets alerted — psychiatrist, crisis team, etc."
RF-001,"he overtook me on the road, so i followed him to beat him up","aggresive behaviour and 
irritability/ violence risk",Tier 3 + SOS flag,It sounds like things have been really intense lately — feeling that level of frustration or anger can be exhausting. This is something a therapist can really help with. Would you like me to connect you with one?,Psychiatrist + crisis review
,"they tried to remove me from the project, so made sure they all failed",,,,
,she insulted me. so i stalked her to scare her.,,,,
,he pushed me so i pushed him back harder.,,,,
,he reported me so i found out where he lives.,,,,
RF-002,"I lost three days once, and I have no recollection of them. It's only after my family told me that I realised it. 
A parcel arrived at my doorstep the other day, something I don't want or ever use. I had to check if I really ordered it or not
I have no recollection of ever going to my daughter's PTM meeting. She says I spoke to her teacher for 20 minutes. 
I have started keeping a small diary now, to write the facts, like the date, day, people i metand what I did. So when I lose time, I have something to check back and read. 
When my doctor asks me what I did, I find it the hardest to explain the gaps. It's not like I forgot what I ate or where I kept my keys. It's like a complete absence. 
I missed an important family event/meeting, and I just couldn't explain why. I was found at home, I was fine, I simply had no awareness that the day had happened or that I had been expected somewhere.","Amnesia, Time loss",Immediate Tier 3 + SOS,"Losing track of time or gaps in memory can feel really unsettling, and you don't have to figure it out alone. A therapist would be a great person to talk to about this. Can I help you get connected?",Immediate crisis intervention
RF-003,"I have 10 cats now, my neighbours have complained to my family. But my cats are important to me.
Every time I find a stray animal, I bring them home. I feel bad about leaving these helpless animals outside
My vet ha told me I shouldn't have so many pets around, the living condition is bad. 
my family tells me if I love my pets I shoul rehome them. But I just can't do it. ",Animal Hoarding,Tier 3 + SOS flag,"It sounds like animals bring you a lot of comfort, and that matters. A therapist can offer some extra support around this. Would it be okay if I helped you find someone to talk to?",Psychiatrist + crisis review
RF-004,"I can see me do things but outside of my body
i feel like I am watching myself as a 3rd person
its as though my body does not belong to me.
i am unable to connect myself to my tasks,
relationships.",depersonlization/ dissociation,Immediate Tier 2 Escalation,Feeling detached from yourself or your surroundings can be really disorienting. You deserve support with this. A therapist can help you understand what's happening — would you like me to point you in the right direction?,Clinical Psychologist + Crisis review
RF-005,"i feel like my body is present but i am still absent 
i was sitting in a group but felt as though i was 
absent.
my surrounding felt distant to me
even familar places feel unfamilar and disconnected. 
i was at a gathering/ function and it felt like i was
watching a movie. it felt unreal.",depersonlization/ dissociation,Immediate Tier 2 Escalation,Feeling detached from yourself or your surroundings can be really disorienting. You deserve support with this. A therapist can help you understand what's happening — would you like me to point you in the right direction?,Clinical Psychologist + Crisis review
RF-006,"I dont feel sad about what happened. What happened, happened.
I dont feel much of anything about it.
My emotions feel like they have died, I feel no grief, joy, anger, excitement, nothing
Even if I feel something, it's hardly anything; I miss feeling things fully. 
Everyone around me seems to feel things freely and openly, but I just feel like that part of me has shut down. 
When it happened, I thought feeling numb was normal. But now, it's just become a part of my life. 
I love my family, I know it. But... these days I feel nothing at all. ",Emotional Numbing/ Shutdown,Immediate Tier 2 Escalation,Feeling disconnected or like your emotions have gone quiet can be really hard to sit with. A therapist can help you gently work through this. Would you be open to connecting with one?,Counseling Psychologist + Crisis Review
RF-007,"Someone dropped a pen behind me and I was on my feet with my heart pounding. I don't know what happened, but the reaction is completely disproportionate and I can't control it.
My family walks on egg shells around me, they know they should not be approaching me from behind or touch me without warning. It breaks my heart. 
Children were bursting crackers today, and I was hiding in my room, shaking and shivering. I felt soo ashamed.
My colleague touched my arm to get my attention and I screamed, and the look on her face made me realise how much has changed in just a few days
I know the sound is just a car outside but I launch into full panic, I feel I reach even before I think
I've started dreading everything, the doorbell, my phone alarm, the pressure cooker whistle, I dont know what will set me off. ",Exaggerated Startle/ hyperarousal,Immediate Tier 2 Escalation,"Being on high alert all the time is exhausting, and it makes sense that it's taking a toll. A therapist can help you feel safer and more grounded. Can I help connect you with someone?",Clinical Psychologist + Crisis review
RF-008,"I know which doctors will prescribe and which won't. I have been to six different clinics in the last three months, and I have a reason prepared for each one.
I have told the same story about my back pain to multiple doctors. The story is partly true and partly constructed to get what I need.
I lost my prescription once, and the lengths I went to replace it showed me something about where I was that I wasn't ready to see.
I have bought from people I should not have been near  because the alternative was withdrawal, and I could not face withdrawal.
The amount of time and planning that goes into obtaining what I need has become a second full-time occupation running alongside my actual life.",Drug-seeking,Tier 3,"It takes courage to talk about this, and I'm glad you did. A therapist or counsellor can offer real, non-judgmental support. Would you like help finding someone to speak with?",Psychiatrist + crisis review
RF-009,"I called everyone from my building for dinner yesterday. i didn't know half the people, but more the merrier
I gave the rickshaw driver five hundred rupees, and it felt completely right. It's just money, no big deal
I called my old boss and told him exactly what I think of him, and I feel fantastic about it
I have so many plans, and I am telling everyone about all of them. My wife keeps saying slow down but I don't want to slow down
I am feeling so open and warm towards everyone right noe",Expansive Mood,Tier 3,It sounds like your energy has been running really high lately. A therapist can help you make sense of what's going on. Would it be okay to connect you with one?,Psychiatrist + crisis review
RF-010,"i feel sleepy throughout the day.
i my sleep cycle is alright. even beyond good. but i still end up
dozing off thoughout the day.
i can sleep for 12 hours and still fee sleepy at work/college.
initially i was okay but this has been happening for a few months now
and repeats every few days in a week.
I have stopped driving to work because i fear ramming into someone.
and taking the public transport is another tidious task","excessive daytime 
sleepiness despite
prolonged sleep phase",Tier 3,Sleeping a lot but still feeling exhausted is worth looking into — your body may be asking for support. A therapist can help explore what's behind this. Would you like me to help you find one?,Clinical Psychologist + Crisis review
RF-011,"I have been making myself sick for years, presenting symptoms and seeking care, but I don’t know how to stop. If the doctors who treated me all these years were to find out what the truth is, they would be horrified. I have been careful to make sure no one knows the truth",Factitious Disorder Imposed on Self,Tier 3,"I hear that things have been really difficult, and that you may be hurting in ways that are hard to explain. A therapist can offer a safe, caring space to talk this through. Shall I help you get connected?",Psychiatrist + crisis review
RF-012,"I have taken my child to so many doctors that their school counselor called me for a meeting. I need my child to be unwell, if they feel slightly better, I make them unwell again. My child was subjected to tests and procedures and hospital admissions that were unnecessary. I have never been questioned for raising concerns on my child's health or requesting tests because I am a mother. ",Factitious Disorder Imposed on Another,Tier 3,"This is a sensitive situation, and getting the right support matters. A therapist would be best placed to help here. Would you like me to assist you in finding one?",Psychiatrist + crisis review
RF-013,"I always end up picking fights, breaking rules and doing things I know are wrong, but somehow I don't care about consequences. 
Of late, I have been snapping at people and saying mean things. 
My drinking has increased in the last few weeks, especially after losing my job
Since the breakup, I've been making impulsive social decisions, hooking up with random people and feeling guilty afterwards. 
Ever since my dad died, I have been super angry, and anything pisses me off. I feel restless, agitated when made to wait, and just overstimulated with loud noises.",Conduct disturbance,Tier 3,"It sounds like things have been really hard to manage lately. A therapist can offer real, practical support — without judgment. Would you like help connecting with one?",Psychiatrist + crisis review
RF-014,"I was traveling by bus the other day and i felt everyone was looking at me and talking about me. Two ladies were even whispering something, I am sure they were talking about my arms
My colleagues went quiet as soon as i enterened iinto the conference room and the whole more, all I could think of id that I looked bad. I just couldn't focus on work
Every one who looks at me, I know they are staring at my big nose
At my cousin's wedding, my cousin's were laughing and stopped when i passed by. I am sure they were making fun of my looks. ",Ideas of reference,Tier 3,"When everyday things start to feel like they have a special meaning just for you, it can feel overwhelming. A therapist can help you make sense of these experiences. Can I help you find someone to talk to?",Psychiatrist + crisis review
RF-015,"I drove home last night drunk; I know I should not have. I even told myself  I was fine, and I know I was not.
I drink and then have arguments with my wife that I don't fully remember. I know from her face in the morning that something happened, and I cannot always piece together what.
I have mixed alcohol with my blood pressure/ anxiety/depression medication more times than I should. My doctor told me not to, and I have not told my doctor that I haven't stopped.
I drank before an important client meeting last month. And it was very noticeable that I was a little high. 
I drank before an important meeting, and I know that is not a normal thing to do.
I operate machinery at work, and I have shown up less than sober more than once. The fact that nothing has gone wrong yet is luck, not judgment.",Hazardous use,Tier 3,I'm glad you felt comfortable sharing this. A therapist or counsellor can offer support that really makes a difference. Would you be open to connecting with one?,Psychiatrist + crisis review
RF-016,"when i am emotional i do whatever i feel like and dont really think
i dont know if it was right or wrong i just did it 
i did it because i was angry
if they can keep cutting my call i can also keep calling them i dont care how 
that affects them
i cant stand this space i need answers right away.
i ended up getting physically involved with a guy i had just met few hours back 
I was so charged that i spent all my salary on shopping and now i have no money
to suffice for the month
i get reckless with drugs and i enjoy the high i get out of it.
rash driving gives me the thrill i crave for I left my job during a high phase
I resigned from my job because I was very unhappy, and I didn't have a backup plan
I take risks that other people around me find alarming, and I need help understanding whether that is a strength or a problem
I make impulsive decisions that feel exciting in the moment, and I am dealing with the consequences of several of them right now
I am drawn to high-risk situations in a way that is starting to feel compulsive rather than chosen
I need help finding the line between healthy risk-taking and problematic risk-taking
I have taken risks that have cost me significantly and I keep taking them anyway",Impulsivity,Tier 3,"Acting on impulse can sometimes leave us feeling out of control, and that's a tough place to be. A therapist can help you build tools to feel more grounded. Would you like me to connect you with one?",Psychiatrist + crisis review
RF-017,"I am completely certain that I am the chosen one for something important, and no one seems to understand it. 
I called my old boss at 12 am the other night to tell him that he was wrong about me. 
Once I stayed up for three days trying to solve a work issues which my other teammates failed to do. The solution made zero sense when I read it afterwards.
I quit work on a whim one day because I had bigger plans and ideas. But nothing went the way I planned. 
I feel sometimes I am immortal and invincible.I slept for only two hours in the last 3 days, but I feel more energetic than ever
I wake at 3 am completely alert, and start work. Sometimes I make phone calls, and my colleagues are really mad at me. 
I told my family I don't need sleep any more, they are concerned, but I feel fine
I functioned on almost no sleep for two weeks and felt superhuman
My family tried to get me to rest and I found their concern irritating. I had so many important things to finish and rest was getting in my way , I speak for hours at a time and don't let others speak. I get very annoyed when people stop me. 
My colleagues noticed I was speaking faster than usual and asked if I was okay
I gave a speech at a family function that nobody had asked for, and I could not stop
My wife has said on many occasions that she doesn't understand what I am saying because I speak way too fast
I once recorded myself while speak and didn't recognise my own voice. It was truly frieghtening. I feel my mind is moving faster than I can speak
I couldn't sleep because my thoughts wouldn't stop 
I wrote everything down to try to keep up with my own thinking and filled three notebooks in four days
Sometimes my mind feels like it is going like a train without any brakes
When my thoughts start racing, they feel like the most important thoughts I have ever had. The servants in my house are all plotting to trouble me. If I get angry, they derive pleasure from my reactions
I am convinced the neighbours were sending signals through the electricity. I disconnected everything in the house, and my family called the doctor.
I heard a voice giving me instructions, which I followed, and that landed me in the hospital.
I am certain I have a specific divine mission.  
I finally have clarity, like I was finally seeing what had always been there.",Mania,Tier 3,It sounds like your mind and energy have been moving really fast lately. A therapist — and possibly a psychiatrist — can offer the right kind of support. Can I help connect you with someone?,Psychiatrist + crisis review
RF-018,"""I wish I hadn’t woken up"" ""Everyone would be better off without me"" I don't feel like being here any more."" "" If a car ever hits me and I die, I will be okay with it"" If I go, my parents won't have to worry about me."" ""Sometimes when I am staring outside the window, I feel like I will jump."" ""I wish I was never born."" ' I want to be dead / I hope I die."" ""I can't do this anymore""",Suicidal ideation (passive),Tier 3,"Thank you for trusting me with this. Feeling like you don't want to be here anymore is serious, and you deserve real support. Please reach out to a therapist or a crisis line — I can help you find one right now.",Clinical Psychologist + Crisis review
RF-019,"""I plan to hang myself tomorrow."" ""I bought sleeping pills yesterday, and I am going to take them tonight."" 'I plan to hang myself tonight when everyone goes to bed."" "" I have paid all my dues, and cause I won't be alive next week."" I donated all my belongings because I won't need them from tomorrow.""",Suicidal ideation (active),Tier 3,"I'm really glad you told me this. Please know you're not alone, and help is available right now. I'd like to connect you with a crisis counsellor immediately — will you let me do that?",Clinical Psychologist + Crisis review
RF-020,"I may sound strange, but I am certain I have done something terribly wrong. I keep hearing voices tell me I am worthless. I know they are not real, but they feel so real, and I can't stop them. This depression is a test or punishment by God for something bad that I have done.",Psychotic Feature,Tier 3,"What you're experiencing sounds really frightening, and you deserve care and support. A mental health professional can help. Can I connect you with a therapist or psychiatrist right away?",
RF-021,"I get such violent nightmares about the same place that I am afraid to fall asleep. 
Even if the dream starts simply, it quickly takes me to the same place, the same moment, playing out the same way every time.
I wake up in the middle of the night, drenched in sweat, heart hammering, completely convinced it just happened. I wake up dazed, and it takes minutes before I can locate myself in the present.
Even if I wake up from a nightmare, it feels so vivid that I feel I relieved it. 
My sleep has been broken and disturbed for months; even without a nightmare, I am somewhere in the dark all night. 
Many times, I have nightmares where the ending is different or worse. I wake up grieving something that didn't even happen that way.",Nightmares,Tier 3,"Recurring nightmares can really wear you down, and your sleep matters. A therapist — especially one trained in trauma — can help. Would you like me to help you find one?",Clinical Psychologist + Crisis review
RF-022,"I stopped caring about what's going to happen to me. I drive too fast, pick fights, drink too much, and spend crazy amounts of money. I just don't care about the consequences of my actions. 
I have stated gambling and taking risks I wouldn't otherwise. The thrill makes me feel something. 
Guess what I did.. I quit my job! I genuinely could not understand why everyone around me was so concerned.
I finally found my calling. Travel the world, so I quit my job and booked a flight to XYZ. My family is angry, but I don't care. 
I got drunk the other day and hooked up with a stranger, never done that before, felt great. 
I was so hammered the other day, I went out for a long drive. I didn't care if I would live or die. 
I withdrew our entire fixed deposit and invested it in something I had read about that morning
I  made decisions in that one week that took three years to undo 
I booked flights to four cities, registered two businesses, and signed a lease for a commercial property in 72 hours. None of it is doable
People tell me my behaviour is risky, but I feel it is bold, visionary, overdue. i do not fear breaking signals on the road.
honestly i wouldnt care if someone was hurt because of my driving. thats just
the way I am
its not my fault if they were hurt. they shouldnt have crossed my path
i cheat on exams every year and do not regret a bit 
i have been caught lying/cheating/ multiple times but it does not impact me as 
much
why should i feel guilty? everyone looks out for themselves
i dont see the point of planning. i act in the moment.
 i stole the money because i needed it for my use.
i have been like this since i was a teen.","reckless/ irresponsible/lack
of remorse/ violence risk/
callousness",Tier 3,It sounds like things have been difficult in ways that are affecting you and the people around you. A therapist can offer support without judgment. Would you like help getting connected?,Psychiatrist + crisis review
RF-023,"I picked a wound on my shoulder so deeply that it became infected, and I treated it at home with antiseptic for two weeks before admitting I needed a doctor 
I have picked so many of my wounds, they have become open and exposed. I am becoming vulnerable to infection. I know it's bad but I just can't seem to stop
I pick areas I cannot see easily, my back, scalp, and am developing infections. 
I use whatever I can find to pick my skin, nails, tweezers, and pins. You name it, I use it. Sometimes, even when it is rusted, I use it. 
I have had 3 skin infections in the past three years all because I have been picking my skin. ",Infection Risks,Tier 3,Your health and safety really matter. It would be helpful to speak with both a medical professional and a therapist who can support you. Can I help connect you with the right person?,Psychiatrist + crisis review
RF-024,"I am absolutely certain my ideas are better than everyone else's. 
I feel sharper, more capable, more socially confident
I pitched an idea to my manager with complete confidence, it was half-formed, and the confidence was disproportionate. I realised it much later how bad it was.
I am quite certain I am the chosen one. I am not delusional, but I know with certainty that things will work out, that I am capable of more than usual. There are days when I am super productive, I manage to clean the whole house, finish pending work, call everyone I have been meaning to call, and my family thinks I am finally getting it together.
I get so productive on some days. I feel I can conquer the world. There are days when I feel sharper than everyone around me
I sent forty-seven messages in one night to various people about a business idea
I booked a trip to Goa, registered for three online courses, and rearranged my entire flat in one weekend
On my high days, I talk faster, think faster, need less sleep
I went on a shopping spree and bought things that I didn't need. 
The energy feels like a gift when it arrives, I get so much done, I feel so alive 
I start five projects during days when I am high on energy and finish none of them. 
My colleagues love the energetic, creative, and social version of me. 
I feel amazing. I don't understand why everyone is worried, I bought the car today, but we hadn't discussed it; the timing isn't ideal. The deal was good, and I trusted my instinct.
I quit the job. I know my husband will be upset, but I have been unhappy there for years, and the time felt right
I put all my savings into a new investment. I have done my research, I know it's a great opportunity, my family worries too much
I told my boss exactly what I think of his management today; it was important for me to tell him. 
I spent more than I planned on a new XYZ. My wife doesn't understand that some opportunities don't wait",Hypomania,Tier 3,"When our mood and energy feel elevated for a while, it's worth checking in with a professional. A therapist can help you understand what's going on. Would you be open to speaking with one?",Psychiatrist + crisis review
RF-025,"i was so upset that my partner/friend did not pick up with phone, i ended up
banging my head/ cutting my wrist/ slamming my fist in the wall
hurting myself physically is better than emotional  hurt i experience 
it feel easier to remove the emotional pain out of your system physically.
i usually hurt myself when i feel rejected by my friends/partner"," suicidal/ self
Mutilating behaviours ",Tier 3,I'm really glad you told me this. What you're going through sounds incredibly painful. You deserve care and support — please let me connect you with a therapist or crisis counsellor right now.,Psychiatrist + crisis review
RF-026,"Sometimes, I don't know how much time has passed. It feels like 10 minutes, but it is actually an hour.
I missed my medication because I genuinely could not track where the day had gone.
I thought I was waiting for my appointment the whole afternoon, but actually it was just 5 minutes. 
I sat down for lunch the other day, but by the time I was done, it was evening outside. I have no idea where the day went. 
I feel sometimes time moves slowly, and sometimes it goes very fast. 
I was late for a meeting/ to pick up my daughter, because I lost track of time completely. Not because I forgot, but because time stopped feeling real",Time distortion,Tier 3,"When time starts to feel off or distorted, it can be really confusing and scary. A therapist can help you explore this in a safe space. Would you like me to help connect you with one?",Clinical Psychologist + Crisis review
RF-027,"I go blank sometimes, but I feel I am drowning, aware that there is a world above the surface, but unable to reach it.
My mom used to vigorously shake me to bring me back. She thought I was daydreaming, and I would return without knowing I had been gone.
When I am in a trance state, I can hear sounds from another room, like something distant and slightly unreal. But I cannot respond to them or make myself present.
If I have to point out, I feel it gets triggered by something bad, like a sound or smell, or even the way someone speaks. My system just takes me somewhere else without asking.
My children used to get scared when I would blank out, but now they know.  They wait patiently. They do not shake me, they just stay nearby.",Trance,Tier 3,Drifting into a trance-like state can feel disconnecting and hard to explain. A therapist can help you understand what's happening and support you through it. Shall I help you find someone to speak with?,Clinical Psychologist + Crisis review
RF-028,"My partner gets really angry with me and blames me for it, says I am the reason.
My in laws/parents are very aggressive towards me. They yell at em for minor mistakes. 
My partner/ parents dont trust me at all. They keep checking my phone, want to know my location all the time, who I am with. They get angry if I dont share. He hit me recently, I was shocked. before that he was fine. 
it's all my fault, I make him angry I keep thinking if I just do things right it won't happen again.
I don't want to get him in trouble, he is a good person otherwise.",Suspected of violence/ unsafe environment,Tier 3 + SOS flag,,Clinical Psychologist + Crisis review
RF-029,"What happened at home was normal, everyone's family is like that. I was told never to share with anyone
I could never told anyone, who would have believed me anyway.
I have always felt like what happened was my fault somehow. I was told to keep mum about it, or else i would bring shame to my family. 
I don't remember a lot of my childhood, but I remember not liking being around my uncle/ father/brother.neighbour/grandpa/other male/female figures
Nights were the worst, I was told to keep quiet. ",History of violence,Tier 3,,Clinical Psychologist + Crisis review
RF-030,"I should have fought back but I didnt, I was just there, frozen. 
He was someone I knew so I keep questioning whether it was really what I think it was.
I haven't told anyone, I am worried about what people will say about me.
I just want to forget it happened, something or the other keeps reminding me.
I blame myself for being there, for what I was wearing, for not leaving earlier.
I reported it once to the cops, but they blamed me and nothuing happened. I won't make that mistake again.", Suspected of rape,Tier 3,,Clinical Psychologist + Crisis review
RF-031,"My (family member did it. but if i did tell at home, I am sure I would be blamed or no one would believe me. 
I was told it was normal, that it was a sign of affection. I believed that for a long time.
I dont' have the. courage of saying out loud what happened to me, makes it feel real. 
I try to suppress it soo much that I convince myself it didn't happen.
I told one person once and they told me to forget about it. So I never spoke about it again.
I am only now beginning to understand that what happened was not okay.",Sexual Molestation,Tier 3,,Clinical Psychologist + Crisis review
,,,,,
,,,,,
,,,,,
,,,,,
,,,,,
,,,,,
,,,,,
,,,,,
,,,,,
,,,,,
,,,,,
,,,,,
,,,,,
,,,,,
,,,,,
,,,,,
,,,,,
,,,,,
,,,,,
,,,,,
,,,,,
,,,,,
,,,,,
,,,,,
,,,,,
,,,,,
,,,,,
,,,,,
,,,,,
,,,,,
,,,,,
,,,,,
,,,,,
,,,,,
,,,,,
,,,,,
,,,,,
,,,,,
,,,,,
,,,,,
,,,,,
,,,,,
,,,,,
,,,,,
,,,,,
,,,,,
,,,,,
,,,,,
,,,,,
,,,,,
,,,,,
,,,,,
,,,,,
,,,,,
,,,,,
,,,,,
,,,,,
,,,,,
,,,,,
,,,,,
,,,,,
,,,,,
,,,,,
,,,,,
,,,,,
,,,,,
,,,,,
,,,,,
,,,,,
,,,,,
,,,,,
,,,,,
,,,,,
,,,,,
,,,,,
,,,,,
,,,,,
,,,,,
,,,,,
,,,,,
,,,,,
,,,,,
,,,,,
,,,,,
,,,,,
,,,,,
,,,,,
,,,,,
,,,,,
,,,,,
,,,,,
,,,,,
,,,,,
,,,,,
,,,,,
,,,,,
,,,,,
,,,,,
,,,,,
,,,,,
,,,,,
,,,,,
,,,,,
,,,,,
,,,,,
,,,,,
,,,,,
,,,,,
,,,,,
,,,,,
,,,,,
,,,,,
,,,,,
,,,,,
,,,,,
,,,,,
,,,,,
,,,,,
,,,,,
,,,,,
,,,,,
,,,,,
,,,,,
,,,,,
,,,,,
,,,,,
,,,,,
,,,,,
,,,,,
,,,,,
,,,,,
,,,,,
,,,,,
,,,,,
,,,,,
,,,,,
,,,,,
,,,,,
,,,,,
,,,,,
,,,,,
,,,,,
,,,,,
,,,,,
,,,,,
,,,,,
,,,,,
,,,,,
,,,,,
,,,,,
,,,,,
,,,,,
,,,,,
,,,,,
,,,,,
,,,,,
,,,,,
,,,,,
,,,,,
,,,,,
,,,,,
,,,,,
,,,,,
,,,,,
,,,,,
,,,,,
,,,,,
,,,,,
,,,,,
,,,,,
,,,,,
,,,,,
,,,,,
,,,,,
,,,,,
,,,,,
,,,,,
,,,,,
,,,,,
,,,,,
,,,,,
,,,,,
,,,,,
,,,,,
,,,,,
,,,,,
,,,,,
,,,,,
,,,,,
,,,,,
,,,,,
,,,,,
,,,,,
,,,,,
,,,,,
,,,,,
,,,,,
,,,,,
,,,,,
,,,,,
,,,,,
,,,,,
,,,,,
,,,,,
,,,,,
,,,,,
,,,,,
,,,,,
,,,,,
,,,,,
,,,,,
,,,,,
,,,,,
,,,,,
,,,,,
,,,,,
,,,,,
,,,,,
,,,,,
,,,,,
,,,,,
,,,,,
,,,,,
,,,,,
,,,,,
,,,,,
,,,,,
,,,,,
,,,,,
,,,,,
,,,,,
,,,,,
,,,,,
,,,,,
,,,,,
,,,,,
,,,,,
,,,,,
,,,,,
,,,,,
,,,,,
,,,,,
,,,,,
,,,,,
,,,,,
,,,,,
,,,,,
,,,,,
,,,,,
,,,,,
,,,,,
,,,,,
,,,,,
,,,,,
,,,,,
,,,,,
,,,,,
,,,,,
,,,,,
,,,,,
,,,,,
,,,,,
,,,,,
,,,,,
,,,,,
,,,,,
,,,,,
,,,,,
,,,,,
,,,,,
,,,,,
,,,,,
,,,,,
,,,,,
,,,,,
,,,,,
,,,,,
,,,,,
,,,,,
,,,,,
,,,,,
,,,,,
,,,,,
,,,,,
,,,,,
,,,,,
,,,,,
,,,,,
,,,,,
,,,,,
,,,,,
,,,,,
,,,,,
,,,,,
,,,,,
,,,,,
,,,,,
,,,,,
,,,,,
,,,,,
,,,,,
,,,,,
,,,,,
,,,,,
,,,,,
,,,,,
,,,,,
,,,,,
,,,,,
,,,,,
,,,,,
,,,,,
,,,,,
,,,,,
,,,,,
,,,,,
,,,,,
,,,,,
,,,,,
,,,,,
,,,,,
,,,,,
,,,,,
,,,,,
,,,,,
,,,,,
,,,,,
,,,,,
,,,,,
,,,,,
,,,,,
,,,,,
,,,,,
,,,,,
,,,,,
,,,,,
,,,,,
,,,,,
,,,,,
,,,,,
,,,,,
,,,,,
,,,,,
,,,,,
,,,,,
,,,,,
,,,,,
,,,,,
,,,,,
,,,,,
,,,,,
,,,,,
,,,,,
,,,,,
,,,,,
,,,,,
,,,,,
,,,,,
,,,,,
,,,,,
,,,,,
,,,,,
,,,,,
,,,,,
,,,,,
,,,,,
,,,,,
,,,,,
,,,,,
,,,,,
,,,,,
,,,,,
,,,,,
,,,,,
,,,,,
,,,,,
,,,,,
,,,,,
,,,,,
,,,,,
,,,,,
,,,,,
,,,,,
,,,,,
,,,,,
,,,,,
,,,,,
,,,,,
,,,,,
,,,,,
,,,,,
,,,,,
,,,,,
,,,,,
,,,,,
,,,,,
,,,,,
,,,,,
,,,,,
,,,,,
,,,,,
,,,,,
,,,,,
,,,,,
,,,,,
,,,,,
,,,,,
,,,,,
,,,,,
,,,,,
,,,,,
,,,,,
,,,,,
,,,,,
,,,,,
,,,,,
,,,,,
,,,,,
,,,,,
,,,,,
,,,,,
,,,,,
,,,,,
,,,,,
,,,,,
,,,,,
,,,,,
,,,,,
,,,,,
,,,,,
,,,,,
,,,,,
,,,,,
,,,,,
,,,,,
,,,,,
,,,,,
,,,,,
,,,,,
,,,,,
,,,,,
,,,,,
,,,,,
,,,,,
,,,,,
,,,,,
,,,,,
,,,,,
,,,,,
,,,,,
,,,,,
,,,,,
,,,,,
,,,,,
,,,,,
,,,,,
,,,,,
,,,,,
,,,,,
,,,,,
,,,,,
,,,,,
,,,,,
,,,,,
,,,,,
,,,,,
,,,,,
,,,,,
,,,,,
,,,,,
,,,,,
,,,,,
,,,,,
,,,,,
,,,,,
,,,,,
,,,,,
,,,,,
,,,,,
,,,,,
,,,,,
,,,,,
,,,,,
,,,,,
,,,,,
,,,,,
,,,,,
,,,,,
,,,,,
,,,,,
,,,,,
,,,,,
,,,,,
,,,,,
,,,,,
,,,,,
,,,,,
,,,,,
,,,,,
,,,,,
,,,,,
,,,,,
,,,,,
,,,,,
,,,,,
,,,,,
,,,,,
,,,,,
,,,,,
,,,,,
,,,,,
,,,,,
,,,,,
,,,,,
,,,,,
,,,,,
,,,,,
,,,,,
,,,,,
,,,,,
,,,,,
,,,,,
,,,,,
,,,,,
,,,,,
,,,,,
,,,,,
,,,,,
,,,,,
,,,,,
,,,,,
,,,,,
,,,,,
,,,,,
,,,,,
,,,,,
,,,,,
,,,,,
,,,,,
,,,,,
,,,,,
,,,,,
,,,,,
,,,,,
,,,,,
,,,,,
,,,,,
,,,,,
,,,,,
,,,,,
,,,,,
,,,,,
,,,,,
,,,,,
,,,,,
,,,,,
,,,,,
,,,,,
,,,,,
,,,,,
,,,,,
,,,,,
,,,,,
,,,,,
,,,,,
,,,,,
,,,,,
,,,,,
,,,,,
,,,,,
,,,,,
,,,,,
,,,,,
,,,,,
,,,,,
,,,,,
,,,,,
,,,,,
,,,,,
,,,,,
,,,,,
,,,,,
,,,,,
,,,,,
,,,,,
,,,,,
,,,,,
,,,,,
,,,,,
,,,,,
,,,,,
,,,,,
,,,,,
,,,,,
,,,,,
,,,,,
,,,,,
,,,,,
,,,,,
,,,,,
,,,,,
,,,,,
,,,,,
,,,,,
,,,,,
,,,,,
,,,,,
,,,,,
,,,,,
,,,,,
,,,,,
,,,,,
,,,,,
,,,,,
,,,,,
,,,,,
,,,,,
,,,,,
,,,,,
,,,,,
,,,,,
,,,,,
,,,,,
,,,,,
,,,,,
,,,,,
,,,,,
,,,,,
,,,,,
,,,,,
,,,,,
,,,,,
,,,,,
,,,,,
,,,,,
,,,,,
,,,,,
,,,,,
,,,,,
,,,,,
,,,,,
,,,,,
,,,,,
,,,,,
,,,,,
,,,,,
,,,,,
,,,,,
,,,,,
,,,,,
,,,,,
,,,,,
,,,,,
,,,,,
,,,,,
,,,,,
,,,,,
,,,,,
,,,,,
,,,,,
,,,,,
,,,,,
,,,,,
,,,,,
,,,,,
,,,,,
,,,,,
,,,,,
,,,,,
,,,,,
,,,,,
,,,,,
,,,,,
,,,,,
,,,,,
,,,,,
,,,,,
,,,,,
,,,,,
,,,,,
,,,,,
,,,,,
,,,,,
,,,,,
,,,,,
,,,,,
,,,,,
,,,,,
,,,,,
,,,,,
,,,,,
,,,,,
,,,,,
,,,,,
,,,,,
,,,,,
,,,,,
,,,,,
,,,,,
,,,,,
,,,,,
,,,,,
,,,,,
,,,,,
,,,,,
,,,,,
,,,,,
,,,,,
,,,,,
,,,,,
,,,,,
,,,,,
,,,,,
,,,,,
,,,,,
,,,,,
,,,,,
,,,,,
,,,,,
,,,,,
,,,,,
,,,,,
,,,,,
,,,,,
,,,,,
,,,,,
,,,,,
,,,,,
,,,,,
,,,,,
,,,,,
,,,,,
,,,,,
,,,,,
,,,,,
,,,,,
,,,,,
,,,,,
,,,,,
,,,,,
,,,,,
,,,,,
,,,,,
,,,,,
,,,,,
,,,,,
,,,,,
,,,,,
,,,,,
,,,,,
,,,,,
,,,,,
,,,,,
,,,,,
,,,,,
,,,,,
,,,,,
,,,,,
,,,,,
,,,,,
,,,,,
,,,,,
,,,,,
,,,,,
,,,,,
,,,,,
,,,,,
,,,,,
,,,,,
,,,,,
,,,,,
,,,,,
,,,,,
,,,,,
,,,,,
,,,,,
,,,,,
,,,,,
,,,,,
,,,,,
,,,,,
,,,,,
,,,,,
,,,,,
,,,,,
,,,,,
,,,,,
,,,,,
,,,,,
,,,,,
,,,,,
,,,,,
,,,,,
,,,,,
,,,,,
,,,,,
,,,,,
,,,,,
,,,,,
,,,,,
,,,,,
,,,,,
,,,,,
,,,,,
,,,,,
,,,,,
,,,,,
,,,,,
,,,,,
,,,,,
,,,,,
,,,,,
,,,,,
,,,,,
,,,,,
,,,,,
,,,,,
,,,,,
,,,,,
,,,,,
,,,,,
,,,,,
,,,,,
,,,,,
,,,,,
,,,,,
,,,,,
,,,,,
,,,,,
,,,,,
,,,,,
,,,,,
,,,,,
,,,,,
,,,,,
,,,,,
,,,,,
,,,,,
,,,,,
,,,,,
,,,,,
,,,,,
,,,,,
,,,,,
,,,,,
,,,,,
,,,,,
,,,,,
,,,,,
,,,,,
,,,,,
,,,,,
,,,,,
,,,,,
,,,,,
,,,,,
,,,,,
,,,,,
,,,,,
,,,,,
,,,,,
,,,,,
,,,,,
,,,,,
,,,,,
,,,,,
,,,,,
,,,,,
,,,,,
,,,,,
,,,,,
,,,,,
,,,,,
,,,,,
,,,,,
,,,,,
,,,,,
,,,,,
,,,,,
,,,,,
,,,,,
,,,,,
,,,,,
,,,,,
,,,,,
,,,,,
,,,,,
,,,,,
,,,,,
,,,,,
,,,,,
,,,,,
,,,,,
,,,,,
,,,,,
,,,,,
,,,,,
,,,,,
,,,,,
,,,,,
,,,,,
,,,,,
,,,,,
,,,,,
,,,,,
,,,,,
,,,,,
,,,,,
,,,,,
,,,,,
,,,,,
,,,,,
,,,,,
,,,,,
,,,,,
,,,,,
,,,,,
,,,,,
,,,,,
,,,,,
,,,,,
,,,,,
,,,,,
,,,,,
,,,,,
,,,,,
,,,,,
,,,,,
,,,,,
,,,,,
,,,,,
,,,,,
,,,,,
,,,,,
,,,,,
,,,,,
,,,,,
,,,,,
,,,,,
